TempsID,Date_Complète,Jour,Mois,Trimestre,Année,Jour_Semaine,Semaine_Année,Jour_Férié
1,01/01/2020,1,1,1,2020,4,1,Jour de l'An
2,02/01/2020,2,1,1,2020,5,1,
3,03/01/2020,3,1,1,2020,6,1,
4,04/01/2020,4,1,1,2020,7,1,
5,05/01/2020,5,1,1,2020,1,2,
6,06/01/2020,6,1,1,2020,2,2,
7,07/01/2020,7,1,1,2020,3,2,
8,08/01/2020,8,1,1,2020,4,2,
9,09/01/2020,9,1,1,2020,5,2,
10,10/01/2020,10,1,1,2020,6,2,
11,11/01/2020,11,1,1,2020,7,2,
12,12/01/2020,12,1,1,2020,1,3,
13,13/01/2020,13,1,1,2020,2,3,
14,14/01/2020,14,1,1,2020,3,3,
15,15/01/2020,15,1,1,2020,4,3,
16,16/01/2020,16,1,1,2020,5,3,
17,17/01/2020,17,1,1,2020,6,3,
18,18/01/2020,18,1,1,2020,7,3,
19,19/01/2020,19,1,1,2020,1,4,
20,20/01/2020,20,1,1,2020,2,4,
21,21/01/2020,21,1,1,2020,3,4,
22,22/01/2020,22,1,1,2020,4,4,
23,23/01/2020,23,1,1,2020,5,4,
24,24/01/2020,24,1,1,2020,6,4,
25,25/01/2020,25,1,1,2020,7,4,
26,26/01/2020,26,1,1,2020,1,5,
27,27/01/2020,27,1,1,2020,2,5,
28,28/01/2020,28,1,1,2020,3,5,
29,29/01/2020,29,1,1,2020,4,5,
30,30/01/2020,30,1,1,2020,5,5,
31,31/01/2020,31,1,1,2020,6,5,
32,01/02/2020,1,2,1,2020,7,5,
33,02/02/2020,2,2,1,2020,1,6,
34,03/02/2020,3,2,1,2020,2,6,
35,04/02/2020,4,2,1,2020,3,6,
36,05/02/2020,5,2,1,2020,4,6,
37,06/02/2020,6,2,1,2020,5,6,
38,07/02/2020,7,2,1,2020,6,6,
39,08/02/2020,8,2,1,2020,7,6,
40,09/02/2020,9,2,1,2020,1,7,
41,10/02/2020,10,2,1,2020,2,7,
42,11/02/2020,11,2,1,2020,3,7,
43,12/02/2020,12,2,1,2020,4,7,
44,13/02/2020,13,2,1,2020,5,7,
45,14/02/2020,14,2,1,2020,6,7,
46,15/02/2020,15,2,1,2020,7,7,
47,16/02/2020,16,2,1,2020,1,8,
48,17/02/2020,17,2,1,2020,2,8,
49,18/02/2020,18,2,1,2020,3,8,
50,19/02/2020,19,2,1,2020,4,8,
51,20/02/2020,20,2,1,2020,5,8,
52,21/02/2020,21,2,1,2020,6,8,
53,22/02/2020,22,2,1,2020,7,8,
54,23/02/2020,23,2,1,2020,1,9,
55,24/02/2020,24,2,1,2020,2,9,
56,25/02/2020,25,2,1,2020,3,9,
57,26/02/2020,26,2,1,2020,4,9,
58,27/02/2020,27,2,1,2020,5,9,
59,28/02/2020,28,2,1,2020,6,9,
60,29/02/2020,29,2,1,2020,7,9,
61,01/03/2020,1,3,1,2020,1,10,
62,02/03/2020,2,3,1,2020,2,10,
63,03/03/2020,3,3,1,2020,3,10,
64,04/03/2020,4,3,1,2020,4,10,
65,05/03/2020,5,3,1,2020,5,10,
66,06/03/2020,6,3,1,2020,6,10,
67,07/03/2020,7,3,1,2020,7,10,
68,08/03/2020,8,3,1,2020,1,11,
69,09/03/2020,9,3,1,2020,2,11,
70,10/03/2020,10,3,1,2020,3,11,
71,11/03/2020,11,3,1,2020,4,11,
72,12/03/2020,12,3,1,2020,5,11,
73,13/03/2020,13,3,1,2020,6,11,
74,14/03/2020,14,3,1,2020,7,11,
75,15/03/2020,15,3,1,2020,1,12,
76,16/03/2020,16,3,1,2020,2,12,
77,17/03/2020,17,3,1,2020,3,12,
78,18/03/2020,18,3,1,2020,4,12,
79,19/03/2020,19,3,1,2020,5,12,
80,20/03/2020,20,3,1,2020,6,12,
81,21/03/2020,21,3,1,2020,7,12,
82,22/03/2020,22,3,1,2020,1,13,
83,23/03/2020,23,3,1,2020,2,13,
84,24/03/2020,24,3,1,2020,3,13,
85,25/03/2020,25,3,1,2020,4,13,
86,26/03/2020,26,3,1,2020,5,13,
87,27/03/2020,27,3,1,2020,6,13,
88,28/03/2020,28,3,1,2020,7,13,
89,29/03/2020,29,3,1,2020,1,14,
90,30/03/2020,30,3,1,2020,2,14,
91,31/03/2020,31,3,1,2020,3,14,
92,01/04/2020,1,4,2,2020,4,14,
93,02/04/2020,2,4,2,2020,5,14,
94,03/04/2020,3,4,2,2020,6,14,
95,04/04/2020,4,4,2,2020,7,14,
96,05/04/2020,5,4,2,2020,1,15,
97,06/04/2020,6,4,2,2020,2,15,
98,07/04/2020,7,4,2,2020,3,15,
99,08/04/2020,8,4,2,2020,4,15,
100,09/04/2020,9,4,2,2020,5,15,
101,10/04/2020,10,4,2,2020,6,15,
102,11/04/2020,11,4,2,2020,7,15,
103,12/04/2020,12,4,2,2020,1,16,
104,13/04/2020,13,4,2,2020,2,16,
105,14/04/2020,14,4,2,2020,3,16,
106,15/04/2020,15,4,2,2020,4,16,
107,16/04/2020,16,4,2,2020,5,16,
108,17/04/2020,17,4,2,2020,6,16,
109,18/04/2020,18,4,2,2020,7,16,
110,19/04/2020,19,4,2,2020,1,17,
111,20/04/2020,20,4,2,2020,2,17,
112,21/04/2020,21,4,2,2020,3,17,
113,22/04/2020,22,4,2,2020,4,17,
114,23/04/2020,23,4,2,2020,5,17,
115,24/04/2020,24,4,2,2020,6,17,
116,25/04/2020,25,4,2,2020,7,17,
117,26/04/2020,26,4,2,2020,1,18,
118,27/04/2020,27,4,2,2020,2,18,
119,28/04/2020,28,4,2,2020,3,18,
120,29/04/2020,29,4,2,2020,4,18,
121,30/04/2020,30,4,2,2020,5,18,
122,01/05/2020,1,5,2,2020,6,18,Fête du Travail
123,02/05/2020,2,5,2,2020,7,18,
124,03/05/2020,3,5,2,2020,1,19,
125,04/05/2020,4,5,2,2020,2,19,
126,05/05/2020,5,5,2,2020,3,19,
127,06/05/2020,6,5,2,2020,4,19,
128,07/05/2020,7,5,2,2020,5,19,
129,08/05/2020,8,5,2,2020,6,19,Victoire 1945
130,09/05/2020,9,5,2,2020,7,19,
131,10/05/2020,10,5,2,2020,1,20,
132,11/05/2020,11,5,2,2020,2,20,
133,12/05/2020,12,5,2,2020,3,20,
134,13/05/2020,13,5,2,2020,4,20,
135,14/05/2020,14,5,2,2020,5,20,
136,15/05/2020,15,5,2,2020,6,20,
137,16/05/2020,16,5,2,2020,7,20,
138,17/05/2020,17,5,2,2020,1,21,
139,18/05/2020,18,5,2,2020,2,21,
140,19/05/2020,19,5,2,2020,3,21,
141,20/05/2020,20,5,2,2020,4,21,
142,21/05/2020,21,5,2,2020,5,21,
143,22/05/2020,22,5,2,2020,6,21,
144,23/05/2020,23,5,2,2020,7,21,
145,24/05/2020,24,5,2,2020,1,22,
146,25/05/2020,25,5,2,2020,2,22,
147,26/05/2020,26,5,2,2020,3,22,
148,27/05/2020,27,5,2,2020,4,22,
149,28/05/2020,28,5,2,2020,5,22,
150,29/05/2020,29,5,2,2020,6,22,
151,30/05/2020,30,5,2,2020,7,22,
152,31/05/2020,31,5,2,2020,1,23,
153,01/06/2020,1,6,2,2020,2,23,
154,02/06/2020,2,6,2,2020,3,23,
155,03/06/2020,3,6,2,2020,4,23,
156,04/06/2020,4,6,2,2020,5,23,
157,05/06/2020,5,6,2,2020,6,23,
158,06/06/2020,6,6,2,2020,7,23,
159,07/06/2020,7,6,2,2020,1,24,
160,08/06/2020,8,6,2,2020,2,24,
161,09/06/2020,9,6,2,2020,3,24,
162,10/06/2020,10,6,2,2020,4,24,
163,11/06/2020,11,6,2,2020,5,24,
164,12/06/2020,12,6,2,2020,6,24,
165,13/06/2020,13,6,2,2020,7,24,
166,14/06/2020,14,6,2,2020,1,25,
167,15/06/2020,15,6,2,2020,2,25,
168,16/06/2020,16,6,2,2020,3,25,
169,17/06/2020,17,6,2,2020,4,25,
170,18/06/2020,18,6,2,2020,5,25,
171,19/06/2020,19,6,2,2020,6,25,
172,20/06/2020,20,6,2,2020,7,25,
173,21/06/2020,21,6,2,2020,1,26,
174,22/06/2020,22,6,2,2020,2,26,
175,23/06/2020,23,6,2,2020,3,26,
176,24/06/2020,24,6,2,2020,4,26,
177,25/06/2020,25,6,2,2020,5,26,
178,26/06/2020,26,6,2,2020,6,26,
179,27/06/2020,27,6,2,2020,7,26,
180,28/06/2020,28,6,2,2020,1,27,
181,29/06/2020,29,6,2,2020,2,27,
182,30/06/2020,30,6,2,2020,3,27,
183,01/07/2020,1,7,3,2020,4,27,
184,02/07/2020,2,7,3,2020,5,27,
185,03/07/2020,3,7,3,2020,6,27,
186,04/07/2020,4,7,3,2020,7,27,
187,05/07/2020,5,7,3,2020,1,28,
188,06/07/2020,6,7,3,2020,2,28,
189,07/07/2020,7,7,3,2020,3,28,
190,08/07/2020,8,7,3,2020,4,28,
191,09/07/2020,9,7,3,2020,5,28,
192,10/07/2020,10,7,3,2020,6,28,
193,11/07/2020,11,7,3,2020,7,28,
194,12/07/2020,12,7,3,2020,1,29,
195,13/07/2020,13,7,3,2020,2,29,
196,14/07/2020,14,7,3,2020,3,29,Fête Nationale
197,15/07/2020,15,7,3,2020,4,29,
198,16/07/2020,16,7,3,2020,5,29,
199,17/07/2020,17,7,3,2020,6,29,
200,18/07/2020,18,7,3,2020,7,29,
201,19/07/2020,19,7,3,2020,1,30,
202,20/07/2020,20,7,3,2020,2,30,
203,21/07/2020,21,7,3,2020,3,30,
204,22/07/2020,22,7,3,2020,4,30,
205,23/07/2020,23,7,3,2020,5,30,
206,24/07/2020,24,7,3,2020,6,30,
207,25/07/2020,25,7,3,2020,7,30,
208,26/07/2020,26,7,3,2020,1,31,
209,27/07/2020,27,7,3,2020,2,31,
210,28/07/2020,28,7,3,2020,3,31,
211,29/07/2020,29,7,3,2020,4,31,
212,30/07/2020,30,7,3,2020,5,31,
213,31/07/2020,31,7,3,2020,6,31,
214,01/08/2020,1,8,3,2020,7,31,
215,02/08/2020,2,8,3,2020,1,32,
216,03/08/2020,3,8,3,2020,2,32,
217,04/08/2020,4,8,3,2020,3,32,
218,05/08/2020,5,8,3,2020,4,32,
219,06/08/2020,6,8,3,2020,5,32,
220,07/08/2020,7,8,3,2020,6,32,
221,08/08/2020,8,8,3,2020,7,32,
222,09/08/2020,9,8,3,2020,1,33,
223,10/08/2020,10,8,3,2020,2,33,
224,11/08/2020,11,8,3,2020,3,33,
225,12/08/2020,12,8,3,2020,4,33,
226,13/08/2020,13,8,3,2020,5,33,
227,14/08/2020,14,8,3,2020,6,33,
228,15/08/2020,15,8,3,2020,7,33,
229,16/08/2020,16,8,3,2020,1,34,
230,17/08/2020,17,8,3,2020,2,34,
231,18/08/2020,18,8,3,2020,3,34,
232,19/08/2020,19,8,3,2020,4,34,
233,20/08/2020,20,8,3,2020,5,34,
234,21/08/2020,21,8,3,2020,6,34,
235,22/08/2020,22,8,3,2020,7,34,
236,23/08/2020,23,8,3,2020,1,35,
237,24/08/2020,24,8,3,2020,2,35,
238,25/08/2020,25,8,3,2020,3,35,
239,26/08/2020,26,8,3,2020,4,35,
240,27/08/2020,27,8,3,2020,5,35,
241,28/08/2020,28,8,3,2020,6,35,
242,29/08/2020,29,8,3,2020,7,35,
243,30/08/2020,30,8,3,2020,1,36,
244,31/08/2020,31,8,3,2020,2,36,
245,01/09/2020,1,9,3,2020,3,36,
246,02/09/2020,2,9,3,2020,4,36,
247,03/09/2020,3,9,3,2020,5,36,
248,04/09/2020,4,9,3,2020,6,36,
249,05/09/2020,5,9,3,2020,7,36,
250,06/09/2020,6,9,3,2020,1,37,
251,07/09/2020,7,9,3,2020,2,37,
252,08/09/2020,8,9,3,2020,3,37,
253,09/09/2020,9,9,3,2020,4,37,
254,10/09/2020,10,9,3,2020,5,37,
255,11/09/2020,11,9,3,2020,6,37,
256,12/09/2020,12,9,3,2020,7,37,
257,13/09/2020,13,9,3,2020,1,38,
258,14/09/2020,14,9,3,2020,2,38,
259,15/09/2020,15,9,3,2020,3,38,
260,16/09/2020,16,9,3,2020,4,38,
261,17/09/2020,17,9,3,2020,5,38,
262,18/09/2020,18,9,3,2020,6,38,
263,19/09/2020,19,9,3,2020,7,38,
264,20/09/2020,20,9,3,2020,1,39,
265,21/09/2020,21,9,3,2020,2,39,
266,22/09/2020,22,9,3,2020,3,39,
267,23/09/2020,23,9,3,2020,4,39,
268,24/09/2020,24,9,3,2020,5,39,
269,25/09/2020,25,9,3,2020,6,39,
270,26/09/2020,26,9,3,2020,7,39,
271,27/09/2020,27,9,3,2020,1,40,
272,28/09/2020,28,9,3,2020,2,40,
273,29/09/2020,29,9,3,2020,3,40,
274,30/09/2020,30,9,3,2020,4,40,
275,01/10/2020,1,10,4,2020,5,40,
276,02/10/2020,2,10,4,2020,6,40,
277,03/10/2020,3,10,4,2020,7,40,
278,04/10/2020,4,10,4,2020,1,41,
279,05/10/2020,5,10,4,2020,2,41,
280,06/10/2020,6,10,4,2020,3,41,
281,07/10/2020,7,10,4,2020,4,41,
282,08/10/2020,8,10,4,2020,5,41,
283,09/10/2020,9,10,4,2020,6,41,
284,10/10/2020,10,10,4,2020,7,41,
285,11/10/2020,11,10,4,2020,1,42,
286,12/10/2020,12,10,4,2020,2,42,
287,13/10/2020,13,10,4,2020,3,42,
288,14/10/2020,14,10,4,2020,4,42,
289,15/10/2020,15,10,4,2020,5,42,
290,16/10/2020,16,10,4,2020,6,42,
291,17/10/2020,17,10,4,2020,7,42,
292,18/10/2020,18,10,4,2020,1,43,
293,19/10/2020,19,10,4,2020,2,43,
294,20/10/2020,20,10,4,2020,3,43,
295,21/10/2020,21,10,4,2020,4,43,
296,22/10/2020,22,10,4,2020,5,43,
297,23/10/2020,23,10,4,2020,6,43,
298,24/10/2020,24,10,4,2020,7,43,
299,25/10/2020,25,10,4,2020,1,44,
300,26/10/2020,26,10,4,2020,2,44,
301,27/10/2020,27,10,4,2020,3,44,
302,28/10/2020,28,10,4,2020,4,44,
303,29/10/2020,29,10,4,2020,5,44,
304,30/10/2020,30,10,4,2020,6,44,
305,31/10/2020,31,10,4,2020,7,44,
306,01/11/2020,1,11,4,2020,1,45,Toussaint
307,02/11/2020,2,11,4,2020,2,45,
308,03/11/2020,3,11,4,2020,3,45,
309,04/11/2020,4,11,4,2020,4,45,
310,05/11/2020,5,11,4,2020,5,45,
311,06/11/2020,6,11,4,2020,6,45,
312,07/11/2020,7,11,4,2020,7,45,
313,08/11/2020,8,11,4,2020,1,46,
314,09/11/2020,9,11,4,2020,2,46,
315,10/11/2020,10,11,4,2020,3,46,
316,11/11/2020,11,11,4,2020,4,46,Armistice 1918
317,12/11/2020,12,11,4,2020,5,46,
318,13/11/2020,13,11,4,2020,6,46,
319,14/11/2020,14,11,4,2020,7,46,
320,15/11/2020,15,11,4,2020,1,47,
321,16/11/2020,16,11,4,2020,2,47,
322,17/11/2020,17,11,4,2020,3,47,
323,18/11/2020,18,11,4,2020,4,47,
324,19/11/2020,19,11,4,2020,5,47,
325,20/11/2020,20,11,4,2020,6,47,
326,21/11/2020,21,11,4,2020,7,47,
327,22/11/2020,22,11,4,2020,1,48,
328,23/11/2020,23,11,4,2020,2,48,
329,24/11/2020,24,11,4,2020,3,48,
330,25/11/2020,25,11,4,2020,4,48,
331,26/11/2020,26,11,4,2020,5,48,
332,27/11/2020,27,11,4,2020,6,48,
333,28/11/2020,28,11,4,2020,7,48,
334,29/11/2020,29,11,4,2020,1,49,
335,30/11/2020,30,11,4,2020,2,49,
336,01/12/2020,1,12,4,2020,3,49,
337,02/12/2020,2,12,4,2020,4,49,
338,03/12/2020,3,12,4,2020,5,49,
339,04/12/2020,4,12,4,2020,6,49,
340,05/12/2020,5,12,4,2020,7,49,
341,06/12/2020,6,12,4,2020,1,50,
342,07/12/2020,7,12,4,2020,2,50,
343,08/12/2020,8,12,4,2020,3,50,
344,09/12/2020,9,12,4,2020,4,50,
345,10/12/2020,10,12,4,2020,5,50,
346,11/12/2020,11,12,4,2020,6,50,
347,12/12/2020,12,12,4,2020,7,50,
348,13/12/2020,13,12,4,2020,1,51,
349,14/12/2020,14,12,4,2020,2,51,
350,15/12/2020,15,12,4,2020,3,51,
351,16/12/2020,16,12,4,2020,4,51,
352,17/12/2020,17,12,4,2020,5,51,
353,18/12/2020,18,12,4,2020,6,51,
354,19/12/2020,19,12,4,2020,7,51,
355,20/12/2020,20,12,4,2020,1,52,
356,21/12/2020,21,12,4,2020,2,52,
357,22/12/2020,22,12,4,2020,3,52,
358,23/12/2020,23,12,4,2020,4,52,
359,24/12/2020,24,12,4,2020,5,52,
360,25/12/2020,25,12,4,2020,6,52,Noël
361,26/12/2020,26,12,4,2020,7,52,
362,27/12/2020,27,12,4,2020,1,53,
363,28/12/2020,28,12,4,2020,2,53,
364,29/12/2020,29,12,4,2020,3,53,
365,30/12/2020,30,12,4,2020,4,53,
366,31/12/2020,31,12,4,2020,5,53,
367,01/01/2021,1,1,1,2021,6,1,Jour de l'An
368,02/01/2021,2,1,1,2021,7,1,
369,03/01/2021,3,1,1,2021,1,2,
370,04/01/2021,4,1,1,2021,2,2,
371,05/01/2021,5,1,1,2021,3,2,
372,06/01/2021,6,1,1,2021,4,2,
373,07/01/2021,7,1,1,2021,5,2,
374,08/01/2021,8,1,1,2021,6,2,
375,09/01/2021,9,1,1,2021,7,2,
376,10/01/2021,10,1,1,2021,1,3,
377,11/01/2021,11,1,1,2021,2,3,
378,12/01/2021,12,1,1,2021,3,3,
379,13/01/2021,13,1,1,2021,4,3,
380,14/01/2021,14,1,1,2021,5,3,
381,15/01/2021,15,1,1,2021,6,3,
382,16/01/2021,16,1,1,2021,7,3,
383,17/01/2021,17,1,1,2021,1,4,
384,18/01/2021,18,1,1,2021,2,4,
385,19/01/2021,19,1,1,2021,3,4,
386,20/01/2021,20,1,1,2021,4,4,
387,21/01/2021,21,1,1,2021,5,4,
388,22/01/2021,22,1,1,2021,6,4,
389,23/01/2021,23,1,1,2021,7,4,
390,24/01/2021,24,1,1,2021,1,5,
391,25/01/2021,25,1,1,2021,2,5,
392,26/01/2021,26,1,1,2021,3,5,
393,27/01/2021,27,1,1,2021,4,5,
394,28/01/2021,28,1,1,2021,5,5,
395,29/01/2021,29,1,1,2021,6,5,
396,30/01/2021,30,1,1,2021,7,5,
397,31/01/2021,31,1,1,2021,1,6,
398,01/02/2021,1,2,1,2021,2,6,
399,02/02/2021,2,2,1,2021,3,6,
400,03/02/2021,3,2,1,2021,4,6,
401,04/02/2021,4,2,1,2021,5,6,
402,05/02/2021,5,2,1,2021,6,6,
403,06/02/2021,6,2,1,2021,7,6,
404,07/02/2021,7,2,1,2021,1,7,
405,08/02/2021,8,2,1,2021,2,7,
406,09/02/2021,9,2,1,2021,3,7,
407,10/02/2021,10,2,1,2021,4,7,
408,11/02/2021,11,2,1,2021,5,7,
409,12/02/2021,12,2,1,2021,6,7,
410,13/02/2021,13,2,1,2021,7,7,
411,14/02/2021,14,2,1,2021,1,8,
412,15/02/2021,15,2,1,2021,2,8,
413,16/02/2021,16,2,1,2021,3,8,
414,17/02/2021,17,2,1,2021,4,8,
415,18/02/2021,18,2,1,2021,5,8,
416,19/02/2021,19,2,1,2021,6,8,
417,20/02/2021,20,2,1,2021,7,8,
418,21/02/2021,21,2,1,2021,1,9,
419,22/02/2021,22,2,1,2021,2,9,
420,23/02/2021,23,2,1,2021,3,9,
421,24/02/2021,24,2,1,2021,4,9,
422,25/02/2021,25,2,1,2021,5,9,
423,26/02/2021,26,2,1,2021,6,9,
424,27/02/2021,27,2,1,2021,7,9,
425,28/02/2021,28,2,1,2021,1,10,
426,01/03/2021,1,3,1,2021,2,10,
427,02/03/2021,2,3,1,2021,3,10,
428,03/03/2021,3,3,1,2021,4,10,
429,04/03/2021,4,3,1,2021,5,10,
430,05/03/2021,5,3,1,2021,6,10,
431,06/03/2021,6,3,1,2021,7,10,
432,07/03/2021,7,3,1,2021,1,11,
433,08/03/2021,8,3,1,2021,2,11,
434,09/03/2021,9,3,1,2021,3,11,
435,10/03/2021,10,3,1,2021,4,11,
436,11/03/2021,11,3,1,2021,5,11,
437,12/03/2021,12,3,1,2021,6,11,
438,13/03/2021,13,3,1,2021,7,11,
439,14/03/2021,14,3,1,2021,1,12,
440,15/03/2021,15,3,1,2021,2,12,
441,16/03/2021,16,3,1,2021,3,12,
442,17/03/2021,17,3,1,2021,4,12,
443,18/03/2021,18,3,1,2021,5,12,
444,19/03/2021,19,3,1,2021,6,12,
445,20/03/2021,20,3,1,2021,7,12,
446,21/03/2021,21,3,1,2021,1,13,
447,22/03/2021,22,3,1,2021,2,13,
448,23/03/2021,23,3,1,2021,3,13,
449,24/03/2021,24,3,1,2021,4,13,
450,25/03/2021,25,3,1,2021,5,13,
451,26/03/2021,26,3,1,2021,6,13,
452,27/03/2021,27,3,1,2021,7,13,
453,28/03/2021,28,3,1,2021,1,14,
454,29/03/2021,29,3,1,2021,2,14,
455,30/03/2021,30,3,1,2021,3,14,
456,31/03/2021,31,3,1,2021,4,14,
457,01/04/2021,1,4,2,2021,5,14,
458,02/04/2021,2,4,2,2021,6,14,
459,03/04/2021,3,4,2,2021,7,14,
460,04/04/2021,4,4,2,2021,1,15,
461,05/04/2021,5,4,2,2021,2,15,
462,06/04/2021,6,4,2,2021,3,15,
463,07/04/2021,7,4,2,2021,4,15,
464,08/04/2021,8,4,2,2021,5,15,
465,09/04/2021,9,4,2,2021,6,15,
466,10/04/2021,10,4,2,2021,7,15,
467,11/04/2021,11,4,2,2021,1,16,
468,12/04/2021,12,4,2,2021,2,16,
469,13/04/2021,13,4,2,2021,3,16,
470,14/04/2021,14,4,2,2021,4,16,
471,15/04/2021,15,4,2,2021,5,16,
472,16/04/2021,16,4,2,2021,6,16,
473,17/04/2021,17,4,2,2021,7,16,
474,18/04/2021,18,4,2,2021,1,17,
475,19/04/2021,19,4,2,2021,2,17,
476,20/04/2021,20,4,2,2021,3,17,
477,21/04/2021,21,4,2,2021,4,17,
478,22/04/2021,22,4,2,2021,5,17,
479,23/04/2021,23,4,2,2021,6,17,
480,24/04/2021,24,4,2,2021,7,17,
481,25/04/2021,25,4,2,2021,1,18,
482,26/04/2021,26,4,2,2021,2,18,
483,27/04/2021,27,4,2,2021,3,18,
484,28/04/2021,28,4,2,2021,4,18,
485,29/04/2021,29,4,2,2021,5,18,
486,30/04/2021,30,4,2,2021,6,18,
487,01/05/2021,1,5,2,2021,7,18,Fête du Travail
488,02/05/2021,2,5,2,2021,1,19,
489,03/05/2021,3,5,2,2021,2,19,
490,04/05/2021,4,5,2,2021,3,19,
491,05/05/2021,5,5,2,2021,4,19,
492,06/05/2021,6,5,2,2021,5,19,
493,07/05/2021,7,5,2,2021,6,19,
494,08/05/2021,8,5,2,2021,7,19,Victoire 1945
495,09/05/2021,9,5,2,2021,1,20,
496,10/05/2021,10,5,2,2021,2,20,
497,11/05/2021,11,5,2,2021,3,20,
498,12/05/2021,12,5,2,2021,4,20,
499,13/05/2021,13,5,2,2021,5,20,
500,14/05/2021,14,5,2,2021,6,20,
501,15/05/2021,15,5,2,2021,7,20,
502,16/05/2021,16,5,2,2021,1,21,
503,17/05/2021,17,5,2,2021,2,21,
504,18/05/2021,18,5,2,2021,3,21,
505,19/05/2021,19,5,2,2021,4,21,
506,20/05/2021,20,5,2,2021,5,21,
507,21/05/2021,21,5,2,2021,6,21,
508,22/05/2021,22,5,2,2021,7,21,
509,23/05/2021,23,5,2,2021,1,22,
510,24/05/2021,24,5,2,2021,2,22,
511,25/05/2021,25,5,2,2021,3,22,
512,26/05/2021,26,5,2,2021,4,22,
513,27/05/2021,27,5,2,2021,5,22,
514,28/05/2021,28,5,2,2021,6,22,
515,29/05/2021,29,5,2,2021,7,22,
516,30/05/2021,30,5,2,2021,1,23,
517,31/05/2021,31,5,2,2021,2,23,
518,01/06/2021,1,6,2,2021,3,23,
519,02/06/2021,2,6,2,2021,4,23,
520,03/06/2021,3,6,2,2021,5,23,
521,04/06/2021,4,6,2,2021,6,23,
522,05/06/2021,5,6,2,2021,7,23,
523,06/06/2021,6,6,2,2021,1,24,
524,07/06/2021,7,6,2,2021,2,24,
525,08/06/2021,8,6,2,2021,3,24,
526,09/06/2021,9,6,2,2021,4,24,
527,10/06/2021,10,6,2,2021,5,24,
528,11/06/2021,11,6,2,2021,6,24,
529,12/06/2021,12,6,2,2021,7,24,
530,13/06/2021,13,6,2,2021,1,25,
531,14/06/2021,14,6,2,2021,2,25,
532,15/06/2021,15,6,2,2021,3,25,
533,16/06/2021,16,6,2,2021,4,25,
534,17/06/2021,17,6,2,2021,5,25,
535,18/06/2021,18,6,2,2021,6,25,
536,19/06/2021,19,6,2,2021,7,25,
537,20/06/2021,20,6,2,2021,1,26,
538,21/06/2021,21,6,2,2021,2,26,
539,22/06/2021,22,6,2,2021,3,26,
540,23/06/2021,23,6,2,2021,4,26,
541,24/06/2021,24,6,2,2021,5,26,
542,25/06/2021,25,6,2,2021,6,26,
543,26/06/2021,26,6,2,2021,7,26,
544,27/06/2021,27,6,2,2021,1,27,
545,28/06/2021,28,6,2,2021,2,27,
546,29/06/2021,29,6,2,2021,3,27,
547,30/06/2021,30,6,2,2021,4,27,
548,01/07/2021,1,7,3,2021,5,27,
549,02/07/2021,2,7,3,2021,6,27,
550,03/07/2021,3,7,3,2021,7,27,
551,04/07/2021,4,7,3,2021,1,28,
552,05/07/2021,5,7,3,2021,2,28,
553,06/07/2021,6,7,3,2021,3,28,
554,07/07/2021,7,7,3,2021,4,28,
555,08/07/2021,8,7,3,2021,5,28,
556,09/07/2021,9,7,3,2021,6,28,
557,10/07/2021,10,7,3,2021,7,28,
558,11/07/2021,11,7,3,2021,1,29,
559,12/07/2021,12,7,3,2021,2,29,
560,13/07/2021,13,7,3,2021,3,29,
561,14/07/2021,14,7,3,2021,4,29,Fête Nationale
562,15/07/2021,15,7,3,2021,5,29,
563,16/07/2021,16,7,3,2021,6,29,
564,17/07/2021,17,7,3,2021,7,29,
565,18/07/2021,18,7,3,2021,1,30,
566,19/07/2021,19,7,3,2021,2,30,
567,20/07/2021,20,7,3,2021,3,30,
568,21/07/2021,21,7,3,2021,4,30,
569,22/07/2021,22,7,3,2021,5,30,
570,23/07/2021,23,7,3,2021,6,30,
571,24/07/2021,24,7,3,2021,7,30,
572,25/07/2021,25,7,3,2021,1,31,
573,26/07/2021,26,7,3,2021,2,31,
574,27/07/2021,27,7,3,2021,3,31,
575,28/07/2021,28,7,3,2021,4,31,
576,29/07/2021,29,7,3,2021,5,31,
577,30/07/2021,30,7,3,2021,6,31,
578,31/07/2021,31,7,3,2021,7,31,
579,01/08/2021,1,8,3,2021,1,32,
580,02/08/2021,2,8,3,2021,2,32,
581,03/08/2021,3,8,3,2021,3,32,
582,04/08/2021,4,8,3,2021,4,32,
583,05/08/2021,5,8,3,2021,5,32,
584,06/08/2021,6,8,3,2021,6,32,
585,07/08/2021,7,8,3,2021,7,32,
586,08/08/2021,8,8,3,2021,1,33,
587,09/08/2021,9,8,3,2021,2,33,
588,10/08/2021,10,8,3,2021,3,33,
589,11/08/2021,11,8,3,2021,4,33,
590,12/08/2021,12,8,3,2021,5,33,
591,13/08/2021,13,8,3,2021,6,33,
592,14/08/2021,14,8,3,2021,7,33,
593,15/08/2021,15,8,3,2021,1,34,
594,16/08/2021,16,8,3,2021,2,34,
595,17/08/2021,17,8,3,2021,3,34,
596,18/08/2021,18,8,3,2021,4,34,
597,19/08/2021,19,8,3,2021,5,34,
598,20/08/2021,20,8,3,2021,6,34,
599,21/08/2021,21,8,3,2021,7,34,
600,22/08/2021,22,8,3,2021,1,35,
601,23/08/2021,23,8,3,2021,2,35,
602,24/08/2021,24,8,3,2021,3,35,
603,25/08/2021,25,8,3,2021,4,35,
604,26/08/2021,26,8,3,2021,5,35,
605,27/08/2021,27,8,3,2021,6,35,
606,28/08/2021,28,8,3,2021,7,35,
607,29/08/2021,29,8,3,2021,1,36,
608,30/08/2021,30,8,3,2021,2,36,
609,31/08/2021,31,8,3,2021,3,36,
610,01/09/2021,1,9,3,2021,4,36,
611,02/09/2021,2,9,3,2021,5,36,
612,03/09/2021,3,9,3,2021,6,36,
613,04/09/2021,4,9,3,2021,7,36,
614,05/09/2021,5,9,3,2021,1,37,
615,06/09/2021,6,9,3,2021,2,37,
616,07/09/2021,7,9,3,2021,3,37,
617,08/09/2021,8,9,3,2021,4,37,
618,09/09/2021,9,9,3,2021,5,37,
619,10/09/2021,10,9,3,2021,6,37,
620,11/09/2021,11,9,3,2021,7,37,
621,12/09/2021,12,9,3,2021,1,38,
622,13/09/2021,13,9,3,2021,2,38,
623,14/09/2021,14,9,3,2021,3,38,
624,15/09/2021,15,9,3,2021,4,38,
625,16/09/2021,16,9,3,2021,5,38,
626,17/09/2021,17,9,3,2021,6,38,
627,18/09/2021,18,9,3,2021,7,38,
628,19/09/2021,19,9,3,2021,1,39,
629,20/09/2021,20,9,3,2021,2,39,
630,21/09/2021,21,9,3,2021,3,39,
631,22/09/2021,22,9,3,2021,4,39,
632,23/09/2021,23,9,3,2021,5,39,
633,24/09/2021,24,9,3,2021,6,39,
634,25/09/2021,25,9,3,2021,7,39,
635,26/09/2021,26,9,3,2021,1,40,
636,27/09/2021,27,9,3,2021,2,40,
637,28/09/2021,28,9,3,2021,3,40,
638,29/09/2021,29,9,3,2021,4,40,
639,30/09/2021,30,9,3,2021,5,40,
640,01/10/2021,1,10,4,2021,6,40,
641,02/10/2021,2,10,4,2021,7,40,
642,03/10/2021,3,10,4,2021,1,41,
643,04/10/2021,4,10,4,2021,2,41,
644,05/10/2021,5,10,4,2021,3,41,
645,06/10/2021,6,10,4,2021,4,41,
646,07/10/2021,7,10,4,2021,5,41,
647,08/10/2021,8,10,4,2021,6,41,
648,09/10/2021,9,10,4,2021,7,41,
649,10/10/2021,10,10,4,2021,1,42,
650,11/10/2021,11,10,4,2021,2,42,
651,12/10/2021,12,10,4,2021,3,42,
652,13/10/2021,13,10,4,2021,4,42,
653,14/10/2021,14,10,4,2021,5,42,
654,15/10/2021,15,10,4,2021,6,42,
655,16/10/2021,16,10,4,2021,7,42,
656,17/10/2021,17,10,4,2021,1,43,
657,18/10/2021,18,10,4,2021,2,43,
658,19/10/2021,19,10,4,2021,3,43,
659,20/10/2021,20,10,4,2021,4,43,
660,21/10/2021,21,10,4,2021,5,43,
661,22/10/2021,22,10,4,2021,6,43,
662,23/10/2021,23,10,4,2021,7,43,
663,24/10/2021,24,10,4,2021,1,44,
664,25/10/2021,25,10,4,2021,2,44,
665,26/10/2021,26,10,4,2021,3,44,
666,27/10/2021,27,10,4,2021,4,44,
667,28/10/2021,28,10,4,2021,5,44,
668,29/10/2021,29,10,4,2021,6,44,
669,30/10/2021,30,10,4,2021,7,44,
670,31/10/2021,31,10,4,2021,1,45,
671,01/11/2021,1,11,4,2021,2,45,Toussaint
672,02/11/2021,2,11,4,2021,3,45,
673,03/11/2021,3,11,4,2021,4,45,
674,04/11/2021,4,11,4,2021,5,45,
675,05/11/2021,5,11,4,2021,6,45,
676,06/11/2021,6,11,4,2021,7,45,
677,07/11/2021,7,11,4,2021,1,46,
678,08/11/2021,8,11,4,2021,2,46,
679,09/11/2021,9,11,4,2021,3,46,
680,10/11/2021,10,11,4,2021,4,46,
681,11/11/2021,11,11,4,2021,5,46,Armistice 1918
682,12/11/2021,12,11,4,2021,6,46,
683,13/11/2021,13,11,4,2021,7,46,
684,14/11/2021,14,11,4,2021,1,47,
685,15/11/2021,15,11,4,2021,2,47,
686,16/11/2021,16,11,4,2021,3,47,
687,17/11/2021,17,11,4,2021,4,47,
688,18/11/2021,18,11,4,2021,5,47,
689,19/11/2021,19,11,4,2021,6,47,
690,20/11/2021,20,11,4,2021,7,47,
691,21/11/2021,21,11,4,2021,1,48,
692,22/11/2021,22,11,4,2021,2,48,
693,23/11/2021,23,11,4,2021,3,48,
694,24/11/2021,24,11,4,2021,4,48,
695,25/11/2021,25,11,4,2021,5,48,
696,26/11/2021,26,11,4,2021,6,48,
697,27/11/2021,27,11,4,2021,7,48,
698,28/11/2021,28,11,4,2021,1,49,
699,29/11/2021,29,11,4,2021,2,49,
700,30/11/2021,30,11,4,2021,3,49,
701,01/12/2021,1,12,4,2021,4,49,
702,02/12/2021,2,12,4,2021,5,49,
703,03/12/2021,3,12,4,2021,6,49,
704,04/12/2021,4,12,4,2021,7,49,
705,05/12/2021,5,12,4,2021,1,50,
706,06/12/2021,6,12,4,2021,2,50,
707,07/12/2021,7,12,4,2021,3,50,
708,08/12/2021,8,12,4,2021,4,50,
709,09/12/2021,9,12,4,2021,5,50,
710,10/12/2021,10,12,4,2021,6,50,
711,11/12/2021,11,12,4,2021,7,50,
712,12/12/2021,12,12,4,2021,1,51,
713,13/12/2021,13,12,4,2021,2,51,
714,14/12/2021,14,12,4,2021,3,51,
715,15/12/2021,15,12,4,2021,4,51,
716,16/12/2021,16,12,4,2021,5,51,
717,17/12/2021,17,12,4,2021,6,51,
718,18/12/2021,18,12,4,2021,7,51,
719,19/12/2021,19,12,4,2021,1,52,
720,20/12/2021,20,12,4,2021,2,52,
721,21/12/2021,21,12,4,2021,3,52,
722,22/12/2021,22,12,4,2021,4,52,
723,23/12/2021,23,12,4,2021,5,52,
724,24/12/2021,24,12,4,2021,6,52,
725,25/12/2021,25,12,4,2021,7,52,Noël
726,26/12/2021,26,12,4,2021,1,53,
727,27/12/2021,27,12,4,2021,2,53,
728,28/12/2021,28,12,4,2021,3,53,
729,29/12/2021,29,12,4,2021,4,53,
730,30/12/2021,30,12,4,2021,5,53,
731,31/12/2021,31,12,4,2021,6,53,
732,01/01/2022,1,1,1,2022,7,1,Jour de l'An
733,02/01/2022,2,1,1,2022,1,2,
734,03/01/2022,3,1,1,2022,2,2,
735,04/01/2022,4,1,1,2022,3,2,
736,05/01/2022,5,1,1,2022,4,2,
737,06/01/2022,6,1,1,2022,5,2,
738,07/01/2022,7,1,1,2022,6,2,
739,08/01/2022,8,1,1,2022,7,2,
740,09/01/2022,9,1,1,2022,1,3,
741,10/01/2022,10,1,1,2022,2,3,
742,11/01/2022,11,1,1,2022,3,3,
743,12/01/2022,12,1,1,2022,4,3,
744,13/01/2022,13,1,1,2022,5,3,
745,14/01/2022,14,1,1,2022,6,3,
746,15/01/2022,15,1,1,2022,7,3,
747,16/01/2022,16,1,1,2022,1,4,
748,17/01/2022,17,1,1,2022,2,4,
749,18/01/2022,18,1,1,2022,3,4,
750,19/01/2022,19,1,1,2022,4,4,
751,20/01/2022,20,1,1,2022,5,4,
752,21/01/2022,21,1,1,2022,6,4,
753,22/01/2022,22,1,1,2022,7,4,
754,23/01/2022,23,1,1,2022,1,5,
755,24/01/2022,24,1,1,2022,2,5,
756,25/01/2022,25,1,1,2022,3,5,
757,26/01/2022,26,1,1,2022,4,5,
758,27/01/2022,27,1,1,2022,5,5,
759,28/01/2022,28,1,1,2022,6,5,
760,29/01/2022,29,1,1,2022,7,5,
761,30/01/2022,30,1,1,2022,1,6,
762,31/01/2022,31,1,1,2022,2,6,
763,01/02/2022,1,2,1,2022,3,6,
764,02/02/2022,2,2,1,2022,4,6,
765,03/02/2022,3,2,1,2022,5,6,
766,04/02/2022,4,2,1,2022,6,6,
767,05/02/2022,5,2,1,2022,7,6,
768,06/02/2022,6,2,1,2022,1,7,
769,07/02/2022,7,2,1,2022,2,7,
770,08/02/2022,8,2,1,2022,3,7,
771,09/02/2022,9,2,1,2022,4,7,
772,10/02/2022,10,2,1,2022,5,7,
773,11/02/2022,11,2,1,2022,6,7,
774,12/02/2022,12,2,1,2022,7,7,
775,13/02/2022,13,2,1,2022,1,8,
776,14/02/2022,14,2,1,2022,2,8,
777,15/02/2022,15,2,1,2022,3,8,
778,16/02/2022,16,2,1,2022,4,8,
779,17/02/2022,17,2,1,2022,5,8,
780,18/02/2022,18,2,1,2022,6,8,
781,19/02/2022,19,2,1,2022,7,8,
782,20/02/2022,20,2,1,2022,1,9,
783,21/02/2022,21,2,1,2022,2,9,
784,22/02/2022,22,2,1,2022,3,9,
785,23/02/2022,23,2,1,2022,4,9,
786,24/02/2022,24,2,1,2022,5,9,
787,25/02/2022,25,2,1,2022,6,9,
788,26/02/2022,26,2,1,2022,7,9,
789,27/02/2022,27,2,1,2022,1,10,
790,28/02/2022,28,2,1,2022,2,10,
791,01/03/2022,1,3,1,2022,3,10,
792,02/03/2022,2,3,1,2022,4,10,
793,03/03/2022,3,3,1,2022,5,10,
794,04/03/2022,4,3,1,2022,6,10,
795,05/03/2022,5,3,1,2022,7,10,
796,06/03/2022,6,3,1,2022,1,11,
797,07/03/2022,7,3,1,2022,2,11,
798,08/03/2022,8,3,1,2022,3,11,
799,09/03/2022,9,3,1,2022,4,11,
800,10/03/2022,10,3,1,2022,5,11,
801,11/03/2022,11,3,1,2022,6,11,
802,12/03/2022,12,3,1,2022,7,11,
803,13/03/2022,13,3,1,2022,1,12,
804,14/03/2022,14,3,1,2022,2,12,
805,15/03/2022,15,3,1,2022,3,12,
806,16/03/2022,16,3,1,2022,4,12,
807,17/03/2022,17,3,1,2022,5,12,
808,18/03/2022,18,3,1,2022,6,12,
809,19/03/2022,19,3,1,2022,7,12,
810,20/03/2022,20,3,1,2022,1,13,
811,21/03/2022,21,3,1,2022,2,13,
812,22/03/2022,22,3,1,2022,3,13,
813,23/03/2022,23,3,1,2022,4,13,
814,24/03/2022,24,3,1,2022,5,13,
815,25/03/2022,25,3,1,2022,6,13,
816,26/03/2022,26,3,1,2022,7,13,
817,27/03/2022,27,3,1,2022,1,14,
818,28/03/2022,28,3,1,2022,2,14,
819,29/03/2022,29,3,1,2022,3,14,
820,30/03/2022,30,3,1,2022,4,14,
821,31/03/2022,31,3,1,2022,5,14,
822,01/04/2022,1,4,2,2022,6,14,
823,02/04/2022,2,4,2,2022,7,14,
824,03/04/2022,3,4,2,2022,1,15,
825,04/04/2022,4,4,2,2022,2,15,
826,05/04/2022,5,4,2,2022,3,15,
827,06/04/2022,6,4,2,2022,4,15,
828,07/04/2022,7,4,2,2022,5,15,
829,08/04/2022,8,4,2,2022,6,15,
830,09/04/2022,9,4,2,2022,7,15,
831,10/04/2022,10,4,2,2022,1,16,
832,11/04/2022,11,4,2,2022,2,16,
833,12/04/2022,12,4,2,2022,3,16,
834,13/04/2022,13,4,2,2022,4,16,
835,14/04/2022,14,4,2,2022,5,16,
836,15/04/2022,15,4,2,2022,6,16,
837,16/04/2022,16,4,2,2022,7,16,
838,17/04/2022,17,4,2,2022,1,17,
839,18/04/2022,18,4,2,2022,2,17,
840,19/04/2022,19,4,2,2022,3,17,
841,20/04/2022,20,4,2,2022,4,17,
842,21/04/2022,21,4,2,2022,5,17,
843,22/04/2022,22,4,2,2022,6,17,
844,23/04/2022,23,4,2,2022,7,17,
845,24/04/2022,24,4,2,2022,1,18,
846,25/04/2022,25,4,2,2022,2,18,
847,26/04/2022,26,4,2,2022,3,18,
848,27/04/2022,27,4,2,2022,4,18,
849,28/04/2022,28,4,2,2022,5,18,
850,29/04/2022,29,4,2,2022,6,18,
851,30/04/2022,30,4,2,2022,7,18,
852,01/05/2022,1,5,2,2022,1,19,Fête du Travail
853,02/05/2022,2,5,2,2022,2,19,
854,03/05/2022,3,5,2,2022,3,19,
855,04/05/2022,4,5,2,2022,4,19,
856,05/05/2022,5,5,2,2022,5,19,
857,06/05/2022,6,5,2,2022,6,19,
858,07/05/2022,7,5,2,2022,7,19,
859,08/05/2022,8,5,2,2022,1,20,Victoire 1945
860,09/05/2022,9,5,2,2022,2,20,
861,10/05/2022,10,5,2,2022,3,20,
862,11/05/2022,11,5,2,2022,4,20,
863,12/05/2022,12,5,2,2022,5,20,
864,13/05/2022,13,5,2,2022,6,20,
865,14/05/2022,14,5,2,2022,7,20,
866,15/05/2022,15,5,2,2022,1,21,
867,16/05/2022,16,5,2,2022,2,21,
868,17/05/2022,17,5,2,2022,3,21,
869,18/05/2022,18,5,2,2022,4,21,
870,19/05/2022,19,5,2,2022,5,21,
871,20/05/2022,20,5,2,2022,6,21,
872,21/05/2022,21,5,2,2022,7,21,
873,22/05/2022,22,5,2,2022,1,22,
874,23/05/2022,23,5,2,2022,2,22,
875,24/05/2022,24,5,2,2022,3,22,
876,25/05/2022,25,5,2,2022,4,22,
877,26/05/2022,26,5,2,2022,5,22,
878,27/05/2022,27,5,2,2022,6,22,
879,28/05/2022,28,5,2,2022,7,22,
880,29/05/2022,29,5,2,2022,1,23,
881,30/05/2022,30,5,2,2022,2,23,
882,31/05/2022,31,5,2,2022,3,23,
883,01/06/2022,1,6,2,2022,4,23,
884,02/06/2022,2,6,2,2022,5,23,
885,03/06/2022,3,6,2,2022,6,23,
886,04/06/2022,4,6,2,2022,7,23,
887,05/06/2022,5,6,2,2022,1,24,
888,06/06/2022,6,6,2,2022,2,24,
889,07/06/2022,7,6,2,2022,3,24,
890,08/06/2022,8,6,2,2022,4,24,
891,09/06/2022,9,6,2,2022,5,24,
892,10/06/2022,10,6,2,2022,6,24,
893,11/06/2022,11,6,2,2022,7,24,
894,12/06/2022,12,6,2,2022,1,25,
895,13/06/2022,13,6,2,2022,2,25,
896,14/06/2022,14,6,2,2022,3,25,
897,15/06/2022,15,6,2,2022,4,25,
898,16/06/2022,16,6,2,2022,5,25,
899,17/06/2022,17,6,2,2022,6,25,
900,18/06/2022,18,6,2,2022,7,25,
901,19/06/2022,19,6,2,2022,1,26,
902,20/06/2022,20,6,2,2022,2,26,
903,21/06/2022,21,6,2,2022,3,26,
904,22/06/2022,22,6,2,2022,4,26,
905,23/06/2022,23,6,2,2022,5,26,
906,24/06/2022,24,6,2,2022,6,26,
907,25/06/2022,25,6,2,2022,7,26,
908,26/06/2022,26,6,2,2022,1,27,
909,27/06/2022,27,6,2,2022,2,27,
910,28/06/2022,28,6,2,2022,3,27,
911,29/06/2022,29,6,2,2022,4,27,
912,30/06/2022,30,6,2,2022,5,27,
913,01/07/2022,1,7,3,2022,6,27,
914,02/07/2022,2,7,3,2022,7,27,
915,03/07/2022,3,7,3,2022,1,28,
916,04/07/2022,4,7,3,2022,2,28,
917,05/07/2022,5,7,3,2022,3,28,
918,06/07/2022,6,7,3,2022,4,28,
919,07/07/2022,7,7,3,2022,5,28,
920,08/07/2022,8,7,3,2022,6,28,
921,09/07/2022,9,7,3,2022,7,28,
922,10/07/2022,10,7,3,2022,1,29,
923,11/07/2022,11,7,3,2022,2,29,
924,12/07/2022,12,7,3,2022,3,29,
925,13/07/2022,13,7,3,2022,4,29,
926,14/07/2022,14,7,3,2022,5,29,Fête Nationale
927,15/07/2022,15,7,3,2022,6,29,
928,16/07/2022,16,7,3,2022,7,29,
929,17/07/2022,17,7,3,2022,1,30,
930,18/07/2022,18,7,3,2022,2,30,
931,19/07/2022,19,7,3,2022,3,30,
932,20/07/2022,20,7,3,2022,4,30,
933,21/07/2022,21,7,3,2022,5,30,
934,22/07/2022,22,7,3,2022,6,30,
935,23/07/2022,23,7,3,2022,7,30,
936,24/07/2022,24,7,3,2022,1,31,
937,25/07/2022,25,7,3,2022,2,31,
938,26/07/2022,26,7,3,2022,3,31,
939,27/07/2022,27,7,3,2022,4,31,
940,28/07/2022,28,7,3,2022,5,31,
941,29/07/2022,29,7,3,2022,6,31,
942,30/07/2022,30,7,3,2022,7,31,
943,31/07/2022,31,7,3,2022,1,32,
944,01/08/2022,1,8,3,2022,2,32,
945,02/08/2022,2,8,3,2022,3,32,
946,03/08/2022,3,8,3,2022,4,32,
947,04/08/2022,4,8,3,2022,5,32,
948,05/08/2022,5,8,3,2022,6,32,
949,06/08/2022,6,8,3,2022,7,32,
950,07/08/2022,7,8,3,2022,1,33,
951,08/08/2022,8,8,3,2022,2,33,
952,09/08/2022,9,8,3,2022,3,33,
953,10/08/2022,10,8,3,2022,4,33,
954,11/08/2022,11,8,3,2022,5,33,
955,12/08/2022,12,8,3,2022,6,33,
956,13/08/2022,13,8,3,2022,7,33,
957,14/08/2022,14,8,3,2022,1,34,
958,15/08/2022,15,8,3,2022,2,34,
959,16/08/2022,16,8,3,2022,3,34,
960,17/08/2022,17,8,3,2022,4,34,
961,18/08/2022,18,8,3,2022,5,34,
962,19/08/2022,19,8,3,2022,6,34,
963,20/08/2022,20,8,3,2022,7,34,
964,21/08/2022,21,8,3,2022,1,35,
965,22/08/2022,22,8,3,2022,2,35,
966,23/08/2022,23,8,3,2022,3,35,
967,24/08/2022,24,8,3,2022,4,35,
968,25/08/2022,25,8,3,2022,5,35,
969,26/08/2022,26,8,3,2022,6,35,
970,27/08/2022,27,8,3,2022,7,35,
971,28/08/2022,28,8,3,2022,1,36,
972,29/08/2022,29,8,3,2022,2,36,
973,30/08/2022,30,8,3,2022,3,36,
974,31/08/2022,31,8,3,2022,4,36,
975,01/09/2022,1,9,3,2022,5,36,
976,02/09/2022,2,9,3,2022,6,36,
977,03/09/2022,3,9,3,2022,7,36,
978,04/09/2022,4,9,3,2022,1,37,
979,05/09/2022,5,9,3,2022,2,37,
980,06/09/2022,6,9,3,2022,3,37,
981,07/09/2022,7,9,3,2022,4,37,
982,08/09/2022,8,9,3,2022,5,37,
983,09/09/2022,9,9,3,2022,6,37,
984,10/09/2022,10,9,3,2022,7,37,
985,11/09/2022,11,9,3,2022,1,38,
986,12/09/2022,12,9,3,2022,2,38,
987,13/09/2022,13,9,3,2022,3,38,
988,14/09/2022,14,9,3,2022,4,38,
989,15/09/2022,15,9,3,2022,5,38,
990,16/09/2022,16,9,3,2022,6,38,
991,17/09/2022,17,9,3,2022,7,38,
992,18/09/2022,18,9,3,2022,1,39,
993,19/09/2022,19,9,3,2022,2,39,
994,20/09/2022,20,9,3,2022,3,39,
995,21/09/2022,21,9,3,2022,4,39,
996,22/09/2022,22,9,3,2022,5,39,
997,23/09/2022,23,9,3,2022,6,39,
998,24/09/2022,24,9,3,2022,7,39,
999,25/09/2022,25,9,3,2022,1,40,
1000,26/09/2022,26,9,3,2022,2,40,
1001,27/09/2022,27,9,3,2022,3,40,
1002,28/09/2022,28,9,3,2022,4,40,
1003,29/09/2022,29,9,3,2022,5,40,
1004,30/09/2022,30,9,3,2022,6,40,
1005,01/10/2022,1,10,4,2022,7,40,
1006,02/10/2022,2,10,4,2022,1,41,
1007,03/10/2022,3,10,4,2022,2,41,
1008,04/10/2022,4,10,4,2022,3,41,
1009,05/10/2022,5,10,4,2022,4,41,
1010,06/10/2022,6,10,4,2022,5,41,
1011,07/10/2022,7,10,4,2022,6,41,
1012,08/10/2022,8,10,4,2022,7,41,
1013,09/10/2022,9,10,4,2022,1,42,
1014,10/10/2022,10,10,4,2022,2,42,
1015,11/10/2022,11,10,4,2022,3,42,
1016,12/10/2022,12,10,4,2022,4,42,
1017,13/10/2022,13,10,4,2022,5,42,
1018,14/10/2022,14,10,4,2022,6,42,
1019,15/10/2022,15,10,4,2022,7,42,
1020,16/10/2022,16,10,4,2022,1,43,
1021,17/10/2022,17,10,4,2022,2,43,
1022,18/10/2022,18,10,4,2022,3,43,
1023,19/10/2022,19,10,4,2022,4,43,
1024,20/10/2022,20,10,4,2022,5,43,
1025,21/10/2022,21,10,4,2022,6,43,
1026,22/10/2022,22,10,4,2022,7,43,
1027,23/10/2022,23,10,4,2022,1,44,
1028,24/10/2022,24,10,4,2022,2,44,
1029,25/10/2022,25,10,4,2022,3,44,
1030,26/10/2022,26,10,4,2022,4,44,
1031,27/10/2022,27,10,4,2022,5,44,
1032,28/10/2022,28,10,4,2022,6,44,
1033,29/10/2022,29,10,4,2022,7,44,
1034,30/10/2022,30,10,4,2022,1,45,
1035,31/10/2022,31,10,4,2022,2,45,
1036,01/11/2022,1,11,4,2022,3,45,Toussaint
1037,02/11/2022,2,11,4,2022,4,45,
1038,03/11/2022,3,11,4,2022,5,45,
1039,04/11/2022,4,11,4,2022,6,45,
1040,05/11/2022,5,11,4,2022,7,45,
1041,06/11/2022,6,11,4,2022,1,46,
1042,07/11/2022,7,11,4,2022,2,46,
1043,08/11/2022,8,11,4,2022,3,46,
1044,09/11/2022,9,11,4,2022,4,46,
1045,10/11/2022,10,11,4,2022,5,46,
1046,11/11/2022,11,11,4,2022,6,46,Armistice 1918
1047,12/11/2022,12,11,4,2022,7,46,
1048,13/11/2022,13,11,4,2022,1,47,
1049,14/11/2022,14,11,4,2022,2,47,
1050,15/11/2022,15,11,4,2022,3,47,
1051,16/11/2022,16,11,4,2022,4,47,
1052,17/11/2022,17,11,4,2022,5,47,
1053,18/11/2022,18,11,4,2022,6,47,
1054,19/11/2022,19,11,4,2022,7,47,
1055,20/11/2022,20,11,4,2022,1,48,
1056,21/11/2022,21,11,4,2022,2,48,
1057,22/11/2022,22,11,4,2022,3,48,
1058,23/11/2022,23,11,4,2022,4,48,
1059,24/11/2022,24,11,4,2022,5,48,
1060,25/11/2022,25,11,4,2022,6,48,
1061,26/11/2022,26,11,4,2022,7,48,
1062,27/11/2022,27,11,4,2022,1,49,
1063,28/11/2022,28,11,4,2022,2,49,
1064,29/11/2022,29,11,4,2022,3,49,
1065,30/11/2022,30,11,4,2022,4,49,
1066,01/12/2022,1,12,4,2022,5,49,
1067,02/12/2022,2,12,4,2022,6,49,
1068,03/12/2022,3,12,4,2022,7,49,
1069,04/12/2022,4,12,4,2022,1,50,
1070,05/12/2022,5,12,4,2022,2,50,
1071,06/12/2022,6,12,4,2022,3,50,
1072,07/12/2022,7,12,4,2022,4,50,
1073,08/12/2022,8,12,4,2022,5,50,
1074,09/12/2022,9,12,4,2022,6,50,
1075,10/12/2022,10,12,4,2022,7,50,
1076,11/12/2022,11,12,4,2022,1,51,
1077,12/12/2022,12,12,4,2022,2,51,
1078,13/12/2022,13,12,4,2022,3,51,
1079,14/12/2022,14,12,4,2022,4,51,
1080,15/12/2022,15,12,4,2022,5,51,
1081,16/12/2022,16,12,4,2022,6,51,
1082,17/12/2022,17,12,4,2022,7,51,
1083,18/12/2022,18,12,4,2022,1,52,
1084,19/12/2022,19,12,4,2022,2,52,
1085,20/12/2022,20,12,4,2022,3,52,
1086,21/12/2022,21,12,4,2022,4,52,
1087,22/12/2022,22,12,4,2022,5,52,
1088,23/12/2022,23,12,4,2022,6,52,
1089,24/12/2022,24,12,4,2022,7,52,
1090,25/12/2022,25,12,4,2022,1,53,Noël
1091,26/12/2022,26,12,4,2022,2,53,
1092,27/12/2022,27,12,4,2022,3,53,
1093,28/12/2022,28,12,4,2022,4,53,
1094,29/12/2022,29,12,4,2022,5,53,
1095,30/12/2022,30,12,4,2022,6,53,
1096,31/12/2022,31,12,4,2022,7,53,
1097,01/01/2023,1,1,1,2023,1,1,Jour de l'An
1098,02/01/2023,2,1,1,2023,2,1,
1099,03/01/2023,3,1,1,2023,3,1,
1100,04/01/2023,4,1,1,2023,4,1,
1101,05/01/2023,5,1,1,2023,5,1,
1102,06/01/2023,6,1,1,2023,6,1,
1103,07/01/2023,7,1,1,2023,7,1,
1104,08/01/2023,8,1,1,2023,1,2,
1105,09/01/2023,9,1,1,2023,2,2,
1106,10/01/2023,10,1,1,2023,3,2,
1107,11/01/2023,11,1,1,2023,4,2,
1108,12/01/2023,12,1,1,2023,5,2,
1109,13/01/2023,13,1,1,2023,6,2,
1110,14/01/2023,14,1,1,2023,7,2,
1111,15/01/2023,15,1,1,2023,1,3,
1112,16/01/2023,16,1,1,2023,2,3,
1113,17/01/2023,17,1,1,2023,3,3,
1114,18/01/2023,18,1,1,2023,4,3,
1115,19/01/2023,19,1,1,2023,5,3,
1116,20/01/2023,20,1,1,2023,6,3,
1117,21/01/2023,21,1,1,2023,7,3,
1118,22/01/2023,22,1,1,2023,1,4,
1119,23/01/2023,23,1,1,2023,2,4,
1120,24/01/2023,24,1,1,2023,3,4,
1121,25/01/2023,25,1,1,2023,4,4,
1122,26/01/2023,26,1,1,2023,5,4,
1123,27/01/2023,27,1,1,2023,6,4,
1124,28/01/2023,28,1,1,2023,7,4,
1125,29/01/2023,29,1,1,2023,1,5,
1126,30/01/2023,30,1,1,2023,2,5,
1127,31/01/2023,31,1,1,2023,3,5,
1128,01/02/2023,1,2,1,2023,4,5,
1129,02/02/2023,2,2,1,2023,5,5,
1130,03/02/2023,3,2,1,2023,6,5,
1131,04/02/2023,4,2,1,2023,7,5,
1132,05/02/2023,5,2,1,2023,1,6,
1133,06/02/2023,6,2,1,2023,2,6,
1134,07/02/2023,7,2,1,2023,3,6,
1135,08/02/2023,8,2,1,2023,4,6,
1136,09/02/2023,9,2,1,2023,5,6,
1137,10/02/2023,10,2,1,2023,6,6,
1138,11/02/2023,11,2,1,2023,7,6,
1139,12/02/2023,12,2,1,2023,1,7,
1140,13/02/2023,13,2,1,2023,2,7,
1141,14/02/2023,14,2,1,2023,3,7,
1142,15/02/2023,15,2,1,2023,4,7,
1143,16/02/2023,16,2,1,2023,5,7,
1144,17/02/2023,17,2,1,2023,6,7,
1145,18/02/2023,18,2,1,2023,7,7,
1146,19/02/2023,19,2,1,2023,1,8,
1147,20/02/2023,20,2,1,2023,2,8,
1148,21/02/2023,21,2,1,2023,3,8,
1149,22/02/2023,22,2,1,2023,4,8,
1150,23/02/2023,23,2,1,2023,5,8,
1151,24/02/2023,24,2,1,2023,6,8,
1152,25/02/2023,25,2,1,2023,7,8,
1153,26/02/2023,26,2,1,2023,1,9,
1154,27/02/2023,27,2,1,2023,2,9,
1155,28/02/2023,28,2,1,2023,3,9,
1156,01/03/2023,1,3,1,2023,4,9,
1157,02/03/2023,2,3,1,2023,5,9,
1158,03/03/2023,3,3,1,2023,6,9,
1159,04/03/2023,4,3,1,2023,7,9,
1160,05/03/2023,5,3,1,2023,1,10,
1161,06/03/2023,6,3,1,2023,2,10,
1162,07/03/2023,7,3,1,2023,3,10,
1163,08/03/2023,8,3,1,2023,4,10,
1164,09/03/2023,9,3,1,2023,5,10,
1165,10/03/2023,10,3,1,2023,6,10,
1166,11/03/2023,11,3,1,2023,7,10,
1167,12/03/2023,12,3,1,2023,1,11,
1168,13/03/2023,13,3,1,2023,2,11,
1169,14/03/2023,14,3,1,2023,3,11,
1170,15/03/2023,15,3,1,2023,4,11,
1171,16/03/2023,16,3,1,2023,5,11,
1172,17/03/2023,17,3,1,2023,6,11,
1173,18/03/2023,18,3,1,2023,7,11,
1174,19/03/2023,19,3,1,2023,1,12,
1175,20/03/2023,20,3,1,2023,2,12,
1176,21/03/2023,21,3,1,2023,3,12,
1177,22/03/2023,22,3,1,2023,4,12,
1178,23/03/2023,23,3,1,2023,5,12,
1179,24/03/2023,24,3,1,2023,6,12,
1180,25/03/2023,25,3,1,2023,7,12,
1181,26/03/2023,26,3,1,2023,1,13,
1182,27/03/2023,27,3,1,2023,2,13,
1183,28/03/2023,28,3,1,2023,3,13,
1184,29/03/2023,29,3,1,2023,4,13,
1185,30/03/2023,30,3,1,2023,5,13,
1186,31/03/2023,31,3,1,2023,6,13,
1187,01/04/2023,1,4,2,2023,7,13,
1188,02/04/2023,2,4,2,2023,1,14,
1189,03/04/2023,3,4,2,2023,2,14,
1190,04/04/2023,4,4,2,2023,3,14,
1191,05/04/2023,5,4,2,2023,4,14,
1192,06/04/2023,6,4,2,2023,5,14,
1193,07/04/2023,7,4,2,2023,6,14,
1194,08/04/2023,8,4,2,2023,7,14,
1195,09/04/2023,9,4,2,2023,1,15,
1196,10/04/2023,10,4,2,2023,2,15,
1197,11/04/2023,11,4,2,2023,3,15,
1198,12/04/2023,12,4,2,2023,4,15,
1199,13/04/2023,13,4,2,2023,5,15,
1200,14/04/2023,14,4,2,2023,6,15,
1201,15/04/2023,15,4,2,2023,7,15,
1202,16/04/2023,16,4,2,2023,1,16,
1203,17/04/2023,17,4,2,2023,2,16,
1204,18/04/2023,18,4,2,2023,3,16,
1205,19/04/2023,19,4,2,2023,4,16,
1206,20/04/2023,20,4,2,2023,5,16,
1207,21/04/2023,21,4,2,2023,6,16,
1208,22/04/2023,22,4,2,2023,7,16,
1209,23/04/2023,23,4,2,2023,1,17,
1210,24/04/2023,24,4,2,2023,2,17,
1211,25/04/2023,25,4,2,2023,3,17,
1212,26/04/2023,26,4,2,2023,4,17,
1213,27/04/2023,27,4,2,2023,5,17,
1214,28/04/2023,28,4,2,2023,6,17,
1215,29/04/2023,29,4,2,2023,7,17,
1216,30/04/2023,30,4,2,2023,1,18,
1217,01/05/2023,1,5,2,2023,2,18,Fête du Travail
1218,02/05/2023,2,5,2,2023,3,18,
1219,03/05/2023,3,5,2,2023,4,18,
1220,04/05/2023,4,5,2,2023,5,18,
1221,05/05/2023,5,5,2,2023,6,18,
1222,06/05/2023,6,5,2,2023,7,18,
1223,07/05/2023,7,5,2,2023,1,19,
1224,08/05/2023,8,5,2,2023,2,19,Victoire 1945
1225,09/05/2023,9,5,2,2023,3,19,
1226,10/05/2023,10,5,2,2023,4,19,
1227,11/05/2023,11,5,2,2023,5,19,
1228,12/05/2023,12,5,2,2023,6,19,
1229,13/05/2023,13,5,2,2023,7,19,
1230,14/05/2023,14,5,2,2023,1,20,
1231,15/05/2023,15,5,2,2023,2,20,
1232,16/05/2023,16,5,2,2023,3,20,
1233,17/05/2023,17,5,2,2023,4,20,
1234,18/05/2023,18,5,2,2023,5,20,
1235,19/05/2023,19,5,2,2023,6,20,
1236,20/05/2023,20,5,2,2023,7,20,
1237,21/05/2023,21,5,2,2023,1,21,
1238,22/05/2023,22,5,2,2023,2,21,
1239,23/05/2023,23,5,2,2023,3,21,
1240,24/05/2023,24,5,2,2023,4,21,
1241,25/05/2023,25,5,2,2023,5,21,
1242,26/05/2023,26,5,2,2023,6,21,
1243,27/05/2023,27,5,2,2023,7,21,
1244,28/05/2023,28,5,2,2023,1,22,
1245,29/05/2023,29,5,2,2023,2,22,
1246,30/05/2023,30,5,2,2023,3,22,
1247,31/05/2023,31,5,2,2023,4,22,
1248,01/06/2023,1,6,2,2023,5,22,
1249,02/06/2023,2,6,2,2023,6,22,
1250,03/06/2023,3,6,2,2023,7,22,
1251,04/06/2023,4,6,2,2023,1,23,
1252,05/06/2023,5,6,2,2023,2,23,
1253,06/06/2023,6,6,2,2023,3,23,
1254,07/06/2023,7,6,2,2023,4,23,
1255,08/06/2023,8,6,2,2023,5,23,
1256,09/06/2023,9,6,2,2023,6,23,
1257,10/06/2023,10,6,2,2023,7,23,
1258,11/06/2023,11,6,2,2023,1,24,
1259,12/06/2023,12,6,2,2023,2,24,
1260,13/06/2023,13,6,2,2023,3,24,
1261,14/06/2023,14,6,2,2023,4,24,
1262,15/06/2023,15,6,2,2023,5,24,
1263,16/06/2023,16,6,2,2023,6,24,
1264,17/06/2023,17,6,2,2023,7,24,
1265,18/06/2023,18,6,2,2023,1,25,
1266,19/06/2023,19,6,2,2023,2,25,
1267,20/06/2023,20,6,2,2023,3,25,
1268,21/06/2023,21,6,2,2023,4,25,
1269,22/06/2023,22,6,2,2023,5,25,
1270,23/06/2023,23,6,2,2023,6,25,
1271,24/06/2023,24,6,2,2023,7,25,
1272,25/06/2023,25,6,2,2023,1,26,
1273,26/06/2023,26,6,2,2023,2,26,
1274,27/06/2023,27,6,2,2023,3,26,
1275,28/06/2023,28,6,2,2023,4,26,
1276,29/06/2023,29,6,2,2023,5,26,
1277,30/06/2023,30,6,2,2023,6,26,
1278,01/07/2023,1,7,3,2023,7,26,
1279,02/07/2023,2,7,3,2023,1,27,
1280,03/07/2023,3,7,3,2023,2,27,
1281,04/07/2023,4,7,3,2023,3,27,
1282,05/07/2023,5,7,3,2023,4,27,
1283,06/07/2023,6,7,3,2023,5,27,
1284,07/07/2023,7,7,3,2023,6,27,
1285,08/07/2023,8,7,3,2023,7,27,
1286,09/07/2023,9,7,3,2023,1,28,
1287,10/07/2023,10,7,3,2023,2,28,
1288,11/07/2023,11,7,3,2023,3,28,
1289,12/07/2023,12,7,3,2023,4,28,
1290,13/07/2023,13,7,3,2023,5,28,
1291,14/07/2023,14,7,3,2023,6,28,Fête Nationale
1292,15/07/2023,15,7,3,2023,7,28,
1293,16/07/2023,16,7,3,2023,1,29,
1294,17/07/2023,17,7,3,2023,2,29,
1295,18/07/2023,18,7,3,2023,3,29,
1296,19/07/2023,19,7,3,2023,4,29,
1297,20/07/2023,20,7,3,2023,5,29,
1298,21/07/2023,21,7,3,2023,6,29,
1299,22/07/2023,22,7,3,2023,7,29,
1300,23/07/2023,23,7,3,2023,1,30,
1301,24/07/2023,24,7,3,2023,2,30,
1302,25/07/2023,25,7,3,2023,3,30,
1303,26/07/2023,26,7,3,2023,4,30,
1304,27/07/2023,27,7,3,2023,5,30,
1305,28/07/2023,28,7,3,2023,6,30,
1306,29/07/2023,29,7,3,2023,7,30,
1307,30/07/2023,30,7,3,2023,1,31,
1308,31/07/2023,31,7,3,2023,2,31,
1309,01/08/2023,1,8,3,2023,3,31,
1310,02/08/2023,2,8,3,2023,4,31,
1311,03/08/2023,3,8,3,2023,5,31,
1312,04/08/2023,4,8,3,2023,6,31,
1313,05/08/2023,5,8,3,2023,7,31,
1314,06/08/2023,6,8,3,2023,1,32,
1315,07/08/2023,7,8,3,2023,2,32,
1316,08/08/2023,8,8,3,2023,3,32,
1317,09/08/2023,9,8,3,2023,4,32,
1318,10/08/2023,10,8,3,2023,5,32,
1319,11/08/2023,11,8,3,2023,6,32,
1320,12/08/2023,12,8,3,2023,7,32,
1321,13/08/2023,13,8,3,2023,1,33,
1322,14/08/2023,14,8,3,2023,2,33,
1323,15/08/2023,15,8,3,2023,3,33,
1324,16/08/2023,16,8,3,2023,4,33,
1325,17/08/2023,17,8,3,2023,5,33,
1326,18/08/2023,18,8,3,2023,6,33,
1327,19/08/2023,19,8,3,2023,7,33,
1328,20/08/2023,20,8,3,2023,1,34,
1329,21/08/2023,21,8,3,2023,2,34,
1330,22/08/2023,22,8,3,2023,3,34,
1331,23/08/2023,23,8,3,2023,4,34,
1332,24/08/2023,24,8,3,2023,5,34,
1333,25/08/2023,25,8,3,2023,6,34,
1334,26/08/2023,26,8,3,2023,7,34,
1335,27/08/2023,27,8,3,2023,1,35,
1336,28/08/2023,28,8,3,2023,2,35,
1337,29/08/2023,29,8,3,2023,3,35,
1338,30/08/2023,30,8,3,2023,4,35,
1339,31/08/2023,31,8,3,2023,5,35,
1340,01/09/2023,1,9,3,2023,6,35,
1341,02/09/2023,2,9,3,2023,7,35,
1342,03/09/2023,3,9,3,2023,1,36,
1343,04/09/2023,4,9,3,2023,2,36,
1344,05/09/2023,5,9,3,2023,3,36,
1345,06/09/2023,6,9,3,2023,4,36,
1346,07/09/2023,7,9,3,2023,5,36,
1347,08/09/2023,8,9,3,2023,6,36,
1348,09/09/2023,9,9,3,2023,7,36,
1349,10/09/2023,10,9,3,2023,1,37,
1350,11/09/2023,11,9,3,2023,2,37,
1351,12/09/2023,12,9,3,2023,3,37,
1352,13/09/2023,13,9,3,2023,4,37,
1353,14/09/2023,14,9,3,2023,5,37,
1354,15/09/2023,15,9,3,2023,6,37,
1355,16/09/2023,16,9,3,2023,7,37,
1356,17/09/2023,17,9,3,2023,1,38,
1357,18/09/2023,18,9,3,2023,2,38,
1358,19/09/2023,19,9,3,2023,3,38,
1359,20/09/2023,20,9,3,2023,4,38,
1360,21/09/2023,21,9,3,2023,5,38,
1361,22/09/2023,22,9,3,2023,6,38,
1362,23/09/2023,23,9,3,2023,7,38,
1363,24/09/2023,24,9,3,2023,1,39,
1364,25/09/2023,25,9,3,2023,2,39,
1365,26/09/2023,26,9,3,2023,3,39,
1366,27/09/2023,27,9,3,2023,4,39,
1367,28/09/2023,28,9,3,2023,5,39,
1368,29/09/2023,29,9,3,2023,6,39,
1369,30/09/2023,30,9,3,2023,7,39,
1370,01/10/2023,1,10,4,2023,1,40,
1371,02/10/2023,2,10,4,2023,2,40,
1372,03/10/2023,3,10,4,2023,3,40,
1373,04/10/2023,4,10,4,2023,4,40,
1374,05/10/2023,5,10,4,2023,5,40,
1375,06/10/2023,6,10,4,2023,6,40,
1376,07/10/2023,7,10,4,2023,7,40,
1377,08/10/2023,8,10,4,2023,1,41,
1378,09/10/2023,9,10,4,2023,2,41,
1379,10/10/2023,10,10,4,2023,3,41,
1380,11/10/2023,11,10,4,2023,4,41,
1381,12/10/2023,12,10,4,2023,5,41,
1382,13/10/2023,13,10,4,2023,6,41,
1383,14/10/2023,14,10,4,2023,7,41,
1384,15/10/2023,15,10,4,2023,1,42,
1385,16/10/2023,16,10,4,2023,2,42,
1386,17/10/2023,17,10,4,2023,3,42,
1387,18/10/2023,18,10,4,2023,4,42,
1388,19/10/2023,19,10,4,2023,5,42,
1389,20/10/2023,20,10,4,2023,6,42,
1390,21/10/2023,21,10,4,2023,7,42,
1391,22/10/2023,22,10,4,2023,1,43,
1392,23/10/2023,23,10,4,2023,2,43,
1393,24/10/2023,24,10,4,2023,3,43,
1394,25/10/2023,25,10,4,2023,4,43,
1395,26/10/2023,26,10,4,2023,5,43,
1396,27/10/2023,27,10,4,2023,6,43,
1397,28/10/2023,28,10,4,2023,7,43,
1398,29/10/2023,29,10,4,2023,1,44,
1399,30/10/2023,30,10,4,2023,2,44,
1400,31/10/2023,31,10,4,2023,3,44,
1401,01/11/2023,1,11,4,2023,4,44,Toussaint
1402,02/11/2023,2,11,4,2023,5,44,
1403,03/11/2023,3,11,4,2023,6,44,
1404,04/11/2023,4,11,4,2023,7,44,
1405,05/11/2023,5,11,4,2023,1,45,
1406,06/11/2023,6,11,4,2023,2,45,
1407,07/11/2023,7,11,4,2023,3,45,
1408,08/11/2023,8,11,4,2023,4,45,
1409,09/11/2023,9,11,4,2023,5,45,
1410,10/11/2023,10,11,4,2023,6,45,
1411,11/11/2023,11,11,4,2023,7,45,Armistice 1918
1412,12/11/2023,12,11,4,2023,1,46,
1413,13/11/2023,13,11,4,2023,2,46,
1414,14/11/2023,14,11,4,2023,3,46,
1415,15/11/2023,15,11,4,2023,4,46,
1416,16/11/2023,16,11,4,2023,5,46,
1417,17/11/2023,17,11,4,2023,6,46,
1418,18/11/2023,18,11,4,2023,7,46,
1419,19/11/2023,19,11,4,2023,1,47,
1420,20/11/2023,20,11,4,2023,2,47,
1421,21/11/2023,21,11,4,2023,3,47,
1422,22/11/2023,22,11,4,2023,4,47,
1423,23/11/2023,23,11,4,2023,5,47,
1424,24/11/2023,24,11,4,2023,6,47,
1425,25/11/2023,25,11,4,2023,7,47,
1426,26/11/2023,26,11,4,2023,1,48,
1427,27/11/2023,27,11,4,2023,2,48,
1428,28/11/2023,28,11,4,2023,3,48,
1429,29/11/2023,29,11,4,2023,4,48,
1430,30/11/2023,30,11,4,2023,5,48,
1431,01/12/2023,1,12,4,2023,6,48,
1432,02/12/2023,2,12,4,2023,7,48,
1433,03/12/2023,3,12,4,2023,1,49,
1434,04/12/2023,4,12,4,2023,2,49,
1435,05/12/2023,5,12,4,2023,3,49,
1436,06/12/2023,6,12,4,2023,4,49,
1437,07/12/2023,7,12,4,2023,5,49,
1438,08/12/2023,8,12,4,2023,6,49,
1439,09/12/2023,9,12,4,2023,7,49,
1440,10/12/2023,10,12,4,2023,1,50,
1441,11/12/2023,11,12,4,2023,2,50,
1442,12/12/2023,12,12,4,2023,3,50,
1443,13/12/2023,13,12,4,2023,4,50,
1444,14/12/2023,14,12,4,2023,5,50,
1445,15/12/2023,15,12,4,2023,6,50,
1446,16/12/2023,16,12,4,2023,7,50,
1447,17/12/2023,17,12,4,2023,1,51,
1448,18/12/2023,18,12,4,2023,2,51,
1449,19/12/2023,19,12,4,2023,3,51,
1450,20/12/2023,20,12,4,2023,4,51,
1451,21/12/2023,21,12,4,2023,5,51,
1452,22/12/2023,22,12,4,2023,6,51,
1453,23/12/2023,23,12,4,2023,7,51,
1454,24/12/2023,24,12,4,2023,1,52,
1455,25/12/2023,25,12,4,2023,2,52,Noël
1456,26/12/2023,26,12,4,2023,3,52,
1457,27/12/2023,27,12,4,2023,4,52,
1458,28/12/2023,28,12,4,2023,5,52,
1459,29/12/2023,29,12,4,2023,6,52,
1460,30/12/2023,30,12,4,2023,7,52,
1461,31/12/2023,31,12,4,2023,1,53,
1462,01/01/2024,1,1,1,2024,2,1,Jour de l'An
1463,02/01/2024,2,1,1,2024,3,1,
1464,03/01/2024,3,1,1,2024,4,1,
1465,04/01/2024,4,1,1,2024,5,1,
1466,05/01/2024,5,1,1,2024,6,1,
1467,06/01/2024,6,1,1,2024,7,1,
1468,07/01/2024,7,1,1,2024,1,2,
1469,08/01/2024,8,1,1,2024,2,2,
1470,09/01/2024,9,1,1,2024,3,2,
1471,10/01/2024,10,1,1,2024,4,2,
1472,11/01/2024,11,1,1,2024,5,2,
1473,12/01/2024,12,1,1,2024,6,2,
1474,13/01/2024,13,1,1,2024,7,2,
1475,14/01/2024,14,1,1,2024,1,3,
1476,15/01/2024,15,1,1,2024,2,3,
1477,16/01/2024,16,1,1,2024,3,3,
1478,17/01/2024,17,1,1,2024,4,3,
1479,18/01/2024,18,1,1,2024,5,3,
1480,19/01/2024,19,1,1,2024,6,3,
1481,20/01/2024,20,1,1,2024,7,3,
1482,21/01/2024,21,1,1,2024,1,4,
1483,22/01/2024,22,1,1,2024,2,4,
1484,23/01/2024,23,1,1,2024,3,4,
1485,24/01/2024,24,1,1,2024,4,4,
1486,25/01/2024,25,1,1,2024,5,4,
1487,26/01/2024,26,1,1,2024,6,4,
1488,27/01/2024,27,1,1,2024,7,4,
1489,28/01/2024,28,1,1,2024,1,5,
1490,29/01/2024,29,1,1,2024,2,5,
1491,30/01/2024,30,1,1,2024,3,5,
1492,31/01/2024,31,1,1,2024,4,5,
1493,01/02/2024,1,2,1,2024,5,5,
1494,02/02/2024,2,2,1,2024,6,5,
1495,03/02/2024,3,2,1,2024,7,5,
1496,04/02/2024,4,2,1,2024,1,6,
1497,05/02/2024,5,2,1,2024,2,6,
1498,06/02/2024,6,2,1,2024,3,6,
1499,07/02/2024,7,2,1,2024,4,6,
1500,08/02/2024,8,2,1,2024,5,6,
1501,09/02/2024,9,2,1,2024,6,6,
1502,10/02/2024,10,2,1,2024,7,6,
1503,11/02/2024,11,2,1,2024,1,7,
1504,12/02/2024,12,2,1,2024,2,7,
1505,13/02/2024,13,2,1,2024,3,7,
1506,14/02/2024,14,2,1,2024,4,7,
1507,15/02/2024,15,2,1,2024,5,7,
1508,16/02/2024,16,2,1,2024,6,7,
1509,17/02/2024,17,2,1,2024,7,7,
1510,18/02/2024,18,2,1,2024,1,8,
1511,19/02/2024,19,2,1,2024,2,8,
1512,20/02/2024,20,2,1,2024,3,8,
1513,21/02/2024,21,2,1,2024,4,8,
1514,22/02/2024,22,2,1,2024,5,8,
1515,23/02/2024,23,2,1,2024,6,8,
1516,24/02/2024,24,2,1,2024,7,8,
1517,25/02/2024,25,2,1,2024,1,9,
1518,26/02/2024,26,2,1,2024,2,9,
1519,27/02/2024,27,2,1,2024,3,9,
1520,28/02/2024,28,2,1,2024,4,9,
1521,29/02/2024,29,2,1,2024,5,9,
1522,01/03/2024,1,3,1,2024,6,9,
1523,02/03/2024,2,3,1,2024,7,9,
1524,03/03/2024,3,3,1,2024,1,10,
1525,04/03/2024,4,3,1,2024,2,10,
1526,05/03/2024,5,3,1,2024,3,10,
1527,06/03/2024,6,3,1,2024,4,10,
1528,07/03/2024,7,3,1,2024,5,10,
1529,08/03/2024,8,3,1,2024,6,10,
1530,09/03/2024,9,3,1,2024,7,10,
1531,10/03/2024,10,3,1,2024,1,11,
1532,11/03/2024,11,3,1,2024,2,11,
1533,12/03/2024,12,3,1,2024,3,11,
1534,13/03/2024,13,3,1,2024,4,11,
1535,14/03/2024,14,3,1,2024,5,11,
1536,15/03/2024,15,3,1,2024,6,11,
1537,16/03/2024,16,3,1,2024,7,11,
1538,17/03/2024,17,3,1,2024,1,12,
1539,18/03/2024,18,3,1,2024,2,12,
1540,19/03/2024,19,3,1,2024,3,12,
1541,20/03/2024,20,3,1,2024,4,12,
1542,21/03/2024,21,3,1,2024,5,12,
1543,22/03/2024,22,3,1,2024,6,12,
1544,23/03/2024,23,3,1,2024,7,12,
1545,24/03/2024,24,3,1,2024,1,13,
1546,25/03/2024,25,3,1,2024,2,13,
1547,26/03/2024,26,3,1,2024,3,13,
1548,27/03/2024,27,3,1,2024,4,13,
1549,28/03/2024,28,3,1,2024,5,13,
1550,29/03/2024,29,3,1,2024,6,13,
1551,30/03/2024,30,3,1,2024,7,13,
1552,31/03/2024,31,3,1,2024,1,14,
1553,01/04/2024,1,4,2,2024,2,14,
1554,02/04/2024,2,4,2,2024,3,14,
1555,03/04/2024,3,4,2,2024,4,14,
1556,04/04/2024,4,4,2,2024,5,14,
1557,05/04/2024,5,4,2,2024,6,14,
1558,06/04/2024,6,4,2,2024,7,14,
1559,07/04/2024,7,4,2,2024,1,15,
1560,08/04/2024,8,4,2,2024,2,15,
1561,09/04/2024,9,4,2,2024,3,15,
1562,10/04/2024,10,4,2,2024,4,15,
1563,11/04/2024,11,4,2,2024,5,15,
1564,12/04/2024,12,4,2,2024,6,15,
1565,13/04/2024,13,4,2,2024,7,15,
1566,14/04/2024,14,4,2,2024,1,16,
1567,15/04/2024,15,4,2,2024,2,16,
1568,16/04/2024,16,4,2,2024,3,16,
1569,17/04/2024,17,4,2,2024,4,16,
1570,18/04/2024,18,4,2,2024,5,16,
1571,19/04/2024,19,4,2,2024,6,16,
1572,20/04/2024,20,4,2,2024,7,16,
1573,21/04/2024,21,4,2,2024,1,17,
1574,22/04/2024,22,4,2,2024,2,17,
1575,23/04/2024,23,4,2,2024,3,17,
1576,24/04/2024,24,4,2,2024,4,17,
1577,25/04/2024,25,4,2,2024,5,17,
1578,26/04/2024,26,4,2,2024,6,17,
1579,27/04/2024,27,4,2,2024,7,17,
1580,28/04/2024,28,4,2,2024,1,18,
1581,29/04/2024,29,4,2,2024,2,18,
1582,30/04/2024,30,4,2,2024,3,18,
1583,01/05/2024,1,5,2,2024,4,18,Fête du Travail
1584,02/05/2024,2,5,2,2024,5,18,
1585,03/05/2024,3,5,2,2024,6,18,
1586,04/05/2024,4,5,2,2024,7,18,
1587,05/05/2024,5,5,2,2024,1,19,
1588,06/05/2024,6,5,2,2024,2,19,
1589,07/05/2024,7,5,2,2024,3,19,
1590,08/05/2024,8,5,2,2024,4,19,Victoire 1945
1591,09/05/2024,9,5,2,2024,5,19,
1592,10/05/2024,10,5,2,2024,6,19,
1593,11/05/2024,11,5,2,2024,7,19,
1594,12/05/2024,12,5,2,2024,1,20,
1595,13/05/2024,13,5,2,2024,2,20,
1596,14/05/2024,14,5,2,2024,3,20,
1597,15/05/2024,15,5,2,2024,4,20,
1598,16/05/2024,16,5,2,2024,5,20,
1599,17/05/2024,17,5,2,2024,6,20,
1600,18/05/2024,18,5,2,2024,7,20,
1601,19/05/2024,19,5,2,2024,1,21,
1602,20/05/2024,20,5,2,2024,2,21,
1603,21/05/2024,21,5,2,2024,3,21,
1604,22/05/2024,22,5,2,2024,4,21,
1605,23/05/2024,23,5,2,2024,5,21,
1606,24/05/2024,24,5,2,2024,6,21,
1607,25/05/2024,25,5,2,2024,7,21,
1608,26/05/2024,26,5,2,2024,1,22,
1609,27/05/2024,27,5,2,2024,2,22,
1610,28/05/2024,28,5,2,2024,3,22,
1611,29/05/2024,29,5,2,2024,4,22,
1612,30/05/2024,30,5,2,2024,5,22,
1613,31/05/2024,31,5,2,2024,6,22,
1614,01/06/2024,1,6,2,2024,7,22,
1615,02/06/2024,2,6,2,2024,1,23,
1616,03/06/2024,3,6,2,2024,2,23,
1617,04/06/2024,4,6,2,2024,3,23,
1618,05/06/2024,5,6,2,2024,4,23,
1619,06/06/2024,6,6,2,2024,5,23,
1620,07/06/2024,7,6,2,2024,6,23,
1621,08/06/2024,8,6,2,2024,7,23,
1622,09/06/2024,9,6,2,2024,1,24,
1623,10/06/2024,10,6,2,2024,2,24,
1624,11/06/2024,11,6,2,2024,3,24,
1625,12/06/2024,12,6,2,2024,4,24,
1626,13/06/2024,13,6,2,2024,5,24,
1627,14/06/2024,14,6,2,2024,6,24,
1628,15/06/2024,15,6,2,2024,7,24,
1629,16/06/2024,16,6,2,2024,1,25,
1630,17/06/2024,17,6,2,2024,2,25,
1631,18/06/2024,18,6,2,2024,3,25,
1632,19/06/2024,19,6,2,2024,4,25,
1633,20/06/2024,20,6,2,2024,5,25,
1634,21/06/2024,21,6,2,2024,6,25,
1635,22/06/2024,22,6,2,2024,7,25,
1636,23/06/2024,23,6,2,2024,1,26,
1637,24/06/2024,24,6,2,2024,2,26,
1638,25/06/2024,25,6,2,2024,3,26,
1639,26/06/2024,26,6,2,2024,4,26,
1640,27/06/2024,27,6,2,2024,5,26,
1641,28/06/2024,28,6,2,2024,6,26,
1642,29/06/2024,29,6,2,2024,7,26,
1643,30/06/2024,30,6,2,2024,1,27,
1644,01/07/2024,1,7,3,2024,2,27,
1645,02/07/2024,2,7,3,2024,3,27,
1646,03/07/2024,3,7,3,2024,4,27,
1647,04/07/2024,4,7,3,2024,5,27,
1648,05/07/2024,5,7,3,2024,6,27,
1649,06/07/2024,6,7,3,2024,7,27,
1650,07/07/2024,7,7,3,2024,1,28,
1651,08/07/2024,8,7,3,2024,2,28,
1652,09/07/2024,9,7,3,2024,3,28,
1653,10/07/2024,10,7,3,2024,4,28,
1654,11/07/2024,11,7,3,2024,5,28,
1655,12/07/2024,12,7,3,2024,6,28,
1656,13/07/2024,13,7,3,2024,7,28,
1657,14/07/2024,14,7,3,2024,1,29,Fête Nationale
1658,15/07/2024,15,7,3,2024,2,29,
1659,16/07/2024,16,7,3,2024,3,29,
1660,17/07/2024,17,7,3,2024,4,29,
1661,18/07/2024,18,7,3,2024,5,29,
1662,19/07/2024,19,7,3,2024,6,29,
1663,20/07/2024,20,7,3,2024,7,29,
1664,21/07/2024,21,7,3,2024,1,30,
1665,22/07/2024,22,7,3,2024,2,30,
1666,23/07/2024,23,7,3,2024,3,30,
1667,24/07/2024,24,7,3,2024,4,30,
1668,25/07/2024,25,7,3,2024,5,30,
1669,26/07/2024,26,7,3,2024,6,30,
1670,27/07/2024,27,7,3,2024,7,30,
1671,28/07/2024,28,7,3,2024,1,31,
1672,29/07/2024,29,7,3,2024,2,31,
1673,30/07/2024,30,7,3,2024,3,31,
1674,31/07/2024,31,7,3,2024,4,31,
1675,01/08/2024,1,8,3,2024,5,31,
1676,02/08/2024,2,8,3,2024,6,31,
1677,03/08/2024,3,8,3,2024,7,31,
1678,04/08/2024,4,8,3,2024,1,32,
1679,05/08/2024,5,8,3,2024,2,32,
1680,06/08/2024,6,8,3,2024,3,32,
1681,07/08/2024,7,8,3,2024,4,32,
1682,08/08/2024,8,8,3,2024,5,32,
1683,09/08/2024,9,8,3,2024,6,32,
1684,10/08/2024,10,8,3,2024,7,32,
1685,11/08/2024,11,8,3,2024,1,33,
1686,12/08/2024,12,8,3,2024,2,33,
1687,13/08/2024,13,8,3,2024,3,33,
1688,14/08/2024,14,8,3,2024,4,33,
1689,15/08/2024,15,8,3,2024,5,33,
1690,16/08/2024,16,8,3,2024,6,33,
1691,17/08/2024,17,8,3,2024,7,33,
1692,18/08/2024,18,8,3,2024,1,34,
1693,19/08/2024,19,8,3,2024,2,34,
1694,20/08/2024,20,8,3,2024,3,34,
1695,21/08/2024,21,8,3,2024,4,34,
1696,22/08/2024,22,8,3,2024,5,34,
1697,23/08/2024,23,8,3,2024,6,34,
1698,24/08/2024,24,8,3,2024,7,34,
1699,25/08/2024,25,8,3,2024,1,35,
1700,26/08/2024,26,8,3,2024,2,35,
1701,27/08/2024,27,8,3,2024,3,35,
1702,28/08/2024,28,8,3,2024,4,35,
1703,29/08/2024,29,8,3,2024,5,35,
1704,30/08/2024,30,8,3,2024,6,35,
1705,31/08/2024,31,8,3,2024,7,35,
1706,01/09/2024,1,9,3,2024,1,36,
1707,02/09/2024,2,9,3,2024,2,36,
1708,03/09/2024,3,9,3,2024,3,36,
1709,04/09/2024,4,9,3,2024,4,36,
1710,05/09/2024,5,9,3,2024,5,36,
1711,06/09/2024,6,9,3,2024,6,36,
1712,07/09/2024,7,9,3,2024,7,36,
1713,08/09/2024,8,9,3,2024,1,37,
1714,09/09/2024,9,9,3,2024,2,37,
1715,10/09/2024,10,9,3,2024,3,37,
1716,11/09/2024,11,9,3,2024,4,37,
1717,12/09/2024,12,9,3,2024,5,37,
1718,13/09/2024,13,9,3,2024,6,37,
1719,14/09/2024,14,9,3,2024,7,37,
1720,15/09/2024,15,9,3,2024,1,38,
1721,16/09/2024,16,9,3,2024,2,38,
1722,17/09/2024,17,9,3,2024,3,38,
1723,18/09/2024,18,9,3,2024,4,38,
1724,19/09/2024,19,9,3,2024,5,38,
1725,20/09/2024,20,9,3,2024,6,38,
1726,21/09/2024,21,9,3,2024,7,38,
1727,22/09/2024,22,9,3,2024,1,39,
1728,23/09/2024,23,9,3,2024,2,39,
1729,24/09/2024,24,9,3,2024,3,39,
1730,25/09/2024,25,9,3,2024,4,39,
1731,26/09/2024,26,9,3,2024,5,39,
1732,27/09/2024,27,9,3,2024,6,39,
1733,28/09/2024,28,9,3,2024,7,39,
1734,29/09/2024,29,9,3,2024,1,40,
1735,30/09/2024,30,9,3,2024,2,40,
1736,01/10/2024,1,10,4,2024,3,40,
1737,02/10/2024,2,10,4,2024,4,40,
1738,03/10/2024,3,10,4,2024,5,40,
1739,04/10/2024,4,10,4,2024,6,40,
1740,05/10/2024,5,10,4,2024,7,40,
1741,06/10/2024,6,10,4,2024,1,41,
1742,07/10/2024,7,10,4,2024,2,41,
1743,08/10/2024,8,10,4,2024,3,41,
1744,09/10/2024,9,10,4,2024,4,41,
1745,10/10/2024,10,10,4,2024,5,41,
1746,11/10/2024,11,10,4,2024,6,41,
1747,12/10/2024,12,10,4,2024,7,41,
1748,13/10/2024,13,10,4,2024,1,42,
1749,14/10/2024,14,10,4,2024,2,42,
1750,15/10/2024,15,10,4,2024,3,42,
1751,16/10/2024,16,10,4,2024,4,42,
1752,17/10/2024,17,10,4,2024,5,42,
1753,18/10/2024,18,10,4,2024,6,42,
1754,19/10/2024,19,10,4,2024,7,42,
1755,20/10/2024,20,10,4,2024,1,43,
1756,21/10/2024,21,10,4,2024,2,43,
1757,22/10/2024,22,10,4,2024,3,43,
1758,23/10/2024,23,10,4,2024,4,43,
1759,24/10/2024,24,10,4,2024,5,43,
1760,25/10/2024,25,10,4,2024,6,43,
1761,26/10/2024,26,10,4,2024,7,43,
1762,27/10/2024,27,10,4,2024,1,44,
1763,28/10/2024,28,10,4,2024,2,44,
1764,29/10/2024,29,10,4,2024,3,44,
1765,30/10/2024,30,10,4,2024,4,44,
1766,31/10/2024,31,10,4,2024,5,44,
1767,01/11/2024,1,11,4,2024,6,44,Toussaint
1768,02/11/2024,2,11,4,2024,7,44,
1769,03/11/2024,3,11,4,2024,1,45,
1770,04/11/2024,4,11,4,2024,2,45,
1771,05/11/2024,5,11,4,2024,3,45,
1772,06/11/2024,6,11,4,2024,4,45,
1773,07/11/2024,7,11,4,2024,5,45,
1774,08/11/2024,8,11,4,2024,6,45,
1775,09/11/2024,9,11,4,2024,7,45,
1776,10/11/2024,10,11,4,2024,1,46,
1777,11/11/2024,11,11,4,2024,2,46,Armistice 1918
1778,12/11/2024,12,11,4,2024,3,46,
1779,13/11/2024,13,11,4,2024,4,46,
1780,14/11/2024,14,11,4,2024,5,46,
1781,15/11/2024,15,11,4,2024,6,46,
1782,16/11/2024,16,11,4,2024,7,46,
1783,17/11/2024,17,11,4,2024,1,47,
1784,18/11/2024,18,11,4,2024,2,47,
1785,19/11/2024,19,11,4,2024,3,47,
1786,20/11/2024,20,11,4,2024,4,47,
1787,21/11/2024,21,11,4,2024,5,47,
1788,22/11/2024,22,11,4,2024,6,47,
1789,23/11/2024,23,11,4,2024,7,47,
1790,24/11/2024,24,11,4,2024,1,48,
1791,25/11/2024,25,11,4,2024,2,48,
1792,26/11/2024,26,11,4,2024,3,48,
1793,27/11/2024,27,11,4,2024,4,48,
1794,28/11/2024,28,11,4,2024,5,48,
1795,29/11/2024,29,11,4,2024,6,48,
1796,30/11/2024,30,11,4,2024,7,48,
1797,01/12/2024,1,12,4,2024,1,49,
1798,02/12/2024,2,12,4,2024,2,49,
1799,03/12/2024,3,12,4,2024,3,49,
1800,04/12/2024,4,12,4,2024,4,49,
1801,05/12/2024,5,12,4,2024,5,49,
1802,06/12/2024,6,12,4,2024,6,49,
1803,07/12/2024,7,12,4,2024,7,49,
1804,08/12/2024,8,12,4,2024,1,50,
1805,09/12/2024,9,12,4,2024,2,50,
1806,10/12/2024,10,12,4,2024,3,50,
1807,11/12/2024,11,12,4,2024,4,50,
1808,12/12/2024,12,12,4,2024,5,50,
1809,13/12/2024,13,12,4,2024,6,50,
1810,14/12/2024,14,12,4,2024,7,50,
1811,15/12/2024,15,12,4,2024,1,51,
1812,16/12/2024,16,12,4,2024,2,51,
1813,17/12/2024,17,12,4,2024,3,51,
1814,18/12/2024,18,12,4,2024,4,51,
1815,19/12/2024,19,12,4,2024,5,51,
1816,20/12/2024,20,12,4,2024,6,51,
1817,21/12/2024,21,12,4,2024,7,51,
1818,22/12/2024,22,12,4,2024,1,52,
1819,23/12/2024,23,12,4,2024,2,52,
1820,24/12/2024,24,12,4,2024,3,52,
1821,25/12/2024,25,12,4,2024,4,52,Noël
1822,26/12/2024,26,12,4,2024,5,52,
1823,27/12/2024,27,12,4,2024,6,52,
1824,28/12/2024,28,12,4,2024,7,52,
1825,29/12/2024,29,12,4,2024,1,53,
1826,30/12/2024,30,12,4,2024,2,53,
1827,31/12/2024,31,12,4,2024,3,53,
1828,01/01/2025,1,1,1,2025,4,1,Jour de l'An
1829,02/01/2025,2,1,1,2025,5,1,
1830,03/01/2025,3,1,1,2025,6,1,
1831,04/01/2025,4,1,1,2025,7,1,
1832,05/01/2025,5,1,1,2025,1,2,
1833,06/01/2025,6,1,1,2025,2,2,
1834,07/01/2025,7,1,1,2025,3,2,
1835,08/01/2025,8,1,1,2025,4,2,
1836,09/01/2025,9,1,1,2025,5,2,
1837,10/01/2025,10,1,1,2025,6,2,
1838,11/01/2025,11,1,1,2025,7,2,
1839,12/01/2025,12,1,1,2025,1,3,
1840,13/01/2025,13,1,1,2025,2,3,
1841,14/01/2025,14,1,1,2025,3,3,
1842,15/01/2025,15,1,1,2025,4,3,
1843,16/01/2025,16,1,1,2025,5,3,
1844,17/01/2025,17,1,1,2025,6,3,
1845,18/01/2025,18,1,1,2025,7,3,
1846,19/01/2025,19,1,1,2025,1,4,
1847,20/01/2025,20,1,1,2025,2,4,
1848,21/01/2025,21,1,1,2025,3,4,
1849,22/01/2025,22,1,1,2025,4,4,
1850,23/01/2025,23,1,1,2025,5,4,
1851,24/01/2025,24,1,1,2025,6,4,
1852,25/01/2025,25,1,1,2025,7,4,
1853,26/01/2025,26,1,1,2025,1,5,
1854,27/01/2025,27,1,1,2025,2,5,
1855,28/01/2025,28,1,1,2025,3,5,
1856,29/01/2025,29,1,1,2025,4,5,
1857,30/01/2025,30,1,1,2025,5,5,
1858,31/01/2025,31,1,1,2025,6,5,
1859,01/02/2025,1,2,1,2025,7,5,
1860,02/02/2025,2,2,1,2025,1,6,
1861,03/02/2025,3,2,1,2025,2,6,
1862,04/02/2025,4,2,1,2025,3,6,
1863,05/02/2025,5,2,1,2025,4,6,
1864,06/02/2025,6,2,1,2025,5,6,
1865,07/02/2025,7,2,1,2025,6,6,
1866,08/02/2025,8,2,1,2025,7,6,
1867,09/02/2025,9,2,1,2025,1,7,
1868,10/02/2025,10,2,1,2025,2,7,
1869,11/02/2025,11,2,1,2025,3,7,
1870,12/02/2025,12,2,1,2025,4,7,
1871,13/02/2025,13,2,1,2025,5,7,
1872,14/02/2025,14,2,1,2025,6,7,
1873,15/02/2025,15,2,1,2025,7,7,
1874,16/02/2025,16,2,1,2025,1,8,
1875,17/02/2025,17,2,1,2025,2,8,
1876,18/02/2025,18,2,1,2025,3,8,
1877,19/02/2025,19,2,1,2025,4,8,
1878,20/02/2025,20,2,1,2025,5,8,
1879,21/02/2025,21,2,1,2025,6,8,
1880,22/02/2025,22,2,1,2025,7,8,
1881,23/02/2025,23,2,1,2025,1,9,
1882,24/02/2025,24,2,1,2025,2,9,
1883,25/02/2025,25,2,1,2025,3,9,
1884,26/02/2025,26,2,1,2025,4,9,
1885,27/02/2025,27,2,1,2025,5,9,
1886,28/02/2025,28,2,1,2025,6,9,
1887,01/03/2025,1,3,1,2025,7,9,
1888,02/03/2025,2,3,1,2025,1,10,
1889,03/03/2025,3,3,1,2025,2,10,
1890,04/03/2025,4,3,1,2025,3,10,
1891,05/03/2025,5,3,1,2025,4,10,
1892,06/03/2025,6,3,1,2025,5,10,
1893,07/03/2025,7,3,1,2025,6,10,
1894,08/03/2025,8,3,1,2025,7,10,
1895,09/03/2025,9,3,1,2025,1,11,
1896,10/03/2025,10,3,1,2025,2,11,
1897,11/03/2025,11,3,1,2025,3,11,
1898,12/03/2025,12,3,1,2025,4,11,
1899,13/03/2025,13,3,1,2025,5,11,
1900,14/03/2025,14,3,1,2025,6,11,
1901,15/03/2025,15,3,1,2025,7,11,
1902,16/03/2025,16,3,1,2025,1,12,
1903,17/03/2025,17,3,1,2025,2,12,
1904,18/03/2025,18,3,1,2025,3,12,
1905,19/03/2025,19,3,1,2025,4,12,
1906,20/03/2025,20,3,1,2025,5,12,
1907,21/03/2025,21,3,1,2025,6,12,
1908,22/03/2025,22,3,1,2025,7,12,
1909,23/03/2025,23,3,1,2025,1,13,
1910,24/03/2025,24,3,1,2025,2,13,
1911,25/03/2025,25,3,1,2025,3,13,
1912,26/03/2025,26,3,1,2025,4,13,
1913,27/03/2025,27,3,1,2025,5,13,
1914,28/03/2025,28,3,1,2025,6,13,
1915,29/03/2025,29,3,1,2025,7,13,
1916,30/03/2025,30,3,1,2025,1,14,
1917,31/03/2025,31,3,1,2025,2,14,
1918,01/04/2025,1,4,2,2025,3,14,
1919,02/04/2025,2,4,2,2025,4,14,
1920,03/04/2025,3,4,2,2025,5,14,
1921,04/04/2025,4,4,2,2025,6,14,
1922,05/04/2025,5,4,2,2025,7,14,
1923,06/04/2025,6,4,2,2025,1,15,
1924,07/04/2025,7,4,2,2025,2,15,
1925,08/04/2025,8,4,2,2025,3,15,
1926,09/04/2025,9,4,2,2025,4,15,
1927,10/04/2025,10,4,2,2025,5,15,
1928,11/04/2025,11,4,2,2025,6,15,
1929,12/04/2025,12,4,2,2025,7,15,
1930,13/04/2025,13,4,2,2025,1,16,
1931,14/04/2025,14,4,2,2025,2,16,
1932,15/04/2025,15,4,2,2025,3,16,
1933,16/04/2025,16,4,2,2025,4,16,
1934,17/04/2025,17,4,2,2025,5,16,
1935,18/04/2025,18,4,2,2025,6,16,
1936,19/04/2025,19,4,2,2025,7,16,
1937,20/04/2025,20,4,2,2025,1,17,
1938,21/04/2025,21,4,2,2025,2,17,
1939,22/04/2025,22,4,2,2025,3,17,
1940,23/04/2025,23,4,2,2025,4,17,
1941,24/04/2025,24,4,2,2025,5,17,
1942,25/04/2025,25,4,2,2025,6,17,
1943,26/04/2025,26,4,2,2025,7,17,
1944,27/04/2025,27,4,2,2025,1,18,
1945,28/04/2025,28,4,2,2025,2,18,
1946,29/04/2025,29,4,2,2025,3,18,
1947,30/04/2025,30,4,2,2025,4,18,
1948,01/05/2025,1,5,2,2025,5,18,Fête du Travail
1949,02/05/2025,2,5,2,2025,6,18,
1950,03/05/2025,3,5,2,2025,7,18,
1951,04/05/2025,4,5,2,2025,1,19,
1952,05/05/2025,5,5,2,2025,2,19,
1953,06/05/2025,6,5,2,2025,3,19,
1954,07/05/2025,7,5,2,2025,4,19,
1955,08/05/2025,8,5,2,2025,5,19,Victoire 1945
1956,09/05/2025,9,5,2,2025,6,19,
1957,10/05/2025,10,5,2,2025,7,19,
1958,11/05/2025,11,5,2,2025,1,20,
1959,12/05/2025,12,5,2,2025,2,20,
1960,13/05/2025,13,5,2,2025,3,20,
1961,14/05/2025,14,5,2,2025,4,20,
1962,15/05/2025,15,5,2,2025,5,20,
1963,16/05/2025,16,5,2,2025,6,20,
1964,17/05/2025,17,5,2,2025,7,20,
1965,18/05/2025,18,5,2,2025,1,21,
1966,19/05/2025,19,5,2,2025,2,21,
1967,20/05/2025,20,5,2,2025,3,21,
1968,21/05/2025,21,5,2,2025,4,21,
1969,22/05/2025,22,5,2,2025,5,21,
1970,23/05/2025,23,5,2,2025,6,21,
1971,24/05/2025,24,5,2,2025,7,21,
1972,25/05/2025,25,5,2,2025,1,22,
1973,26/05/2025,26,5,2,2025,2,22,
1974,27/05/2025,27,5,2,2025,3,22,
1975,28/05/2025,28,5,2,2025,4,22,
1976,29/05/2025,29,5,2,2025,5,22,
1977,30/05/2025,30,5,2,2025,6,22,
1978,31/05/2025,31,5,2,2025,7,22,
1979,01/06/2025,1,6,2,2025,1,23,
1980,02/06/2025,2,6,2,2025,2,23,
1981,03/06/2025,3,6,2,2025,3,23,
1982,04/06/2025,4,6,2,2025,4,23,
1983,05/06/2025,5,6,2,2025,5,23,
1984,06/06/2025,6,6,2,2025,6,23,
1985,07/06/2025,7,6,2,2025,7,23,
1986,08/06/2025,8,6,2,2025,1,24,
1987,09/06/2025,9,6,2,2025,2,24,
1988,10/06/2025,10,6,2,2025,3,24,
1989,11/06/2025,11,6,2,2025,4,24,
1990,12/06/2025,12,6,2,2025,5,24,
1991,13/06/2025,13,6,2,2025,6,24,
1992,14/06/2025,14,6,2,2025,7,24,
1993,15/06/2025,15,6,2,2025,1,25,
1994,16/06/2025,16,6,2,2025,2,25,
1995,17/06/2025,17,6,2,2025,3,25,
1996,18/06/2025,18,6,2,2025,4,25,
1997,19/06/2025,19,6,2,2025,5,25,
1998,20/06/2025,20,6,2,2025,6,25,
1999,21/06/2025,21,6,2,2025,7,25,
2000,22/06/2025,22,6,2,2025,1,26,
2001,23/06/2025,23,6,2,2025,2,26,
2002,24/06/2025,24,6,2,2025,3,26,
2003,25/06/2025,25,6,2,2025,4,26,
2004,26/06/2025,26,6,2,2025,5,26,
2005,27/06/2025,27,6,2,2025,6,26,
2006,28/06/2025,28,6,2,2025,7,26,
2007,29/06/2025,29,6,2,2025,1,27,
2008,30/06/2025,30,6,2,2025,2,27,
2009,01/07/2025,1,7,3,2025,3,27,
2010,02/07/2025,2,7,3,2025,4,27,
2011,03/07/2025,3,7,3,2025,5,27,
2012,04/07/2025,4,7,3,2025,6,27,
2013,05/07/2025,5,7,3,2025,7,27,
2014,06/07/2025,6,7,3,2025,1,28,
2015,07/07/2025,7,7,3,2025,2,28,
2016,08/07/2025,8,7,3,2025,3,28,
2017,09/07/2025,9,7,3,2025,4,28,
2018,10/07/2025,10,7,3,2025,5,28,
2019,11/07/2025,11,7,3,2025,6,28,
2020,12/07/2025,12,7,3,2025,7,28,
2021,13/07/2025,13,7,3,2025,1,29,
2022,14/07/2025,14,7,3,2025,2,29,Fête Nationale
2023,15/07/2025,15,7,3,2025,3,29,
2024,16/07/2025,16,7,3,2025,4,29,
2025,17/07/2025,17,7,3,2025,5,29,
2026,18/07/2025,18,7,3,2025,6,29,
2027,19/07/2025,19,7,3,2025,7,29,
2028,20/07/2025,20,7,3,2025,1,30,
2029,21/07/2025,21,7,3,2025,2,30,
2030,22/07/2025,22,7,3,2025,3,30,
2031,23/07/2025,23,7,3,2025,4,30,
2032,24/07/2025,24,7,3,2025,5,30,
2033,25/07/2025,25,7,3,2025,6,30,
2034,26/07/2025,26,7,3,2025,7,30,
2035,27/07/2025,27,7,3,2025,1,31,
2036,28/07/2025,28,7,3,2025,2,31,
2037,29/07/2025,29,7,3,2025,3,31,
2038,30/07/2025,30,7,3,2025,4,31,
2039,31/07/2025,31,7,3,2025,5,31,
2040,01/08/2025,1,8,3,2025,6,31,
2041,02/08/2025,2,8,3,2025,7,31,
2042,03/08/2025,3,8,3,2025,1,32,
2043,04/08/2025,4,8,3,2025,2,32,
2044,05/08/2025,5,8,3,2025,3,32,
2045,06/08/2025,6,8,3,2025,4,32,
2046,07/08/2025,7,8,3,2025,5,32,
2047,08/08/2025,8,8,3,2025,6,32,
2048,09/08/2025,9,8,3,2025,7,32,
2049,10/08/2025,10,8,3,2025,1,33,
2050,11/08/2025,11,8,3,2025,2,33,
2051,12/08/2025,12,8,3,2025,3,33,
2052,13/08/2025,13,8,3,2025,4,33,
2053,14/08/2025,14,8,3,2025,5,33,
2054,15/08/2025,15,8,3,2025,6,33,
2055,16/08/2025,16,8,3,2025,7,33,
2056,17/08/2025,17,8,3,2025,1,34,
2057,18/08/2025,18,8,3,2025,2,34,
2058,19/08/2025,19,8,3,2025,3,34,
2059,20/08/2025,20,8,3,2025,4,34,
2060,21/08/2025,21,8,3,2025,5,34,
2061,22/08/2025,22,8,3,2025,6,34,
2062,23/08/2025,23,8,3,2025,7,34,
2063,24/08/2025,24,8,3,2025,1,35,
2064,25/08/2025,25,8,3,2025,2,35,
2065,26/08/2025,26,8,3,2025,3,35,
2066,27/08/2025,27,8,3,2025,4,35,
2067,28/08/2025,28,8,3,2025,5,35,
2068,29/08/2025,29,8,3,2025,6,35,
2069,30/08/2025,30,8,3,2025,7,35,
2070,31/08/2025,31,8,3,2025,1,36,
2071,01/09/2025,1,9,3,2025,2,36,
2072,02/09/2025,2,9,3,2025,3,36,
2073,03/09/2025,3,9,3,2025,4,36,
2074,04/09/2025,4,9,3,2025,5,36,
2075,05/09/2025,5,9,3,2025,6,36,
2076,06/09/2025,6,9,3,2025,7,36,
2077,07/09/2025,7,9,3,2025,1,37,
2078,08/09/2025,8,9,3,2025,2,37,
2079,09/09/2025,9,9,3,2025,3,37,
2080,10/09/2025,10,9,3,2025,4,37,
2081,11/09/2025,11,9,3,2025,5,37,
2082,12/09/2025,12,9,3,2025,6,37,
2083,13/09/2025,13,9,3,2025,7,37,
2084,14/09/2025,14,9,3,2025,1,38,
2085,15/09/2025,15,9,3,2025,2,38,
2086,16/09/2025,16,9,3,2025,3,38,
2087,17/09/2025,17,9,3,2025,4,38,
2088,18/09/2025,18,9,3,2025,5,38,
2089,19/09/2025,19,9,3,2025,6,38,
2090,20/09/2025,20,9,3,2025,7,38,
2091,21/09/2025,21,9,3,2025,1,39,
2092,22/09/2025,22,9,3,2025,2,39,
2093,23/09/2025,23,9,3,2025,3,39,
2094,24/09/2025,24,9,3,2025,4,39,
2095,25/09/2025,25,9,3,2025,5,39,
2096,26/09/2025,26,9,3,2025,6,39,
2097,27/09/2025,27,9,3,2025,7,39,
2098,28/09/2025,28,9,3,2025,1,40,
2099,29/09/2025,29,9,3,2025,2,40,
2100,30/09/2025,30,9,3,2025,3,40,
2101,01/10/2025,1,10,4,2025,4,40,
2102,02/10/2025,2,10,4,2025,5,40,
2103,03/10/2025,3,10,4,2025,6,40,
2104,04/10/2025,4,10,4,2025,7,40,
2105,05/10/2025,5,10,4,2025,1,41,
2106,06/10/2025,6,10,4,2025,2,41,
2107,07/10/2025,7,10,4,2025,3,41,
2108,08/10/2025,8,10,4,2025,4,41,
2109,09/10/2025,9,10,4,2025,5,41,
2110,10/10/2025,10,10,4,2025,6,41,
2111,11/10/2025,11,10,4,2025,7,41,
2112,12/10/2025,12,10,4,2025,1,42,
2113,13/10/2025,13,10,4,2025,2,42,
2114,14/10/2025,14,10,4,2025,3,42,
2115,15/10/2025,15,10,4,2025,4,42,
2116,16/10/2025,16,10,4,2025,5,42,
2117,17/10/2025,17,10,4,2025,6,42,
2118,18/10/2025,18,10,4,2025,7,42,
2119,19/10/2025,19,10,4,2025,1,43,
2120,20/10/2025,20,10,4,2025,2,43,
2121,21/10/2025,21,10,4,2025,3,43,
2122,22/10/2025,22,10,4,2025,4,43,
2123,23/10/2025,23,10,4,2025,5,43,
2124,24/10/2025,24,10,4,2025,6,43,
2125,25/10/2025,25,10,4,2025,7,43,
2126,26/10/2025,26,10,4,2025,1,44,
2127,27/10/2025,27,10,4,2025,2,44,
2128,28/10/2025,28,10,4,2025,3,44,
2129,29/10/2025,29,10,4,2025,4,44,
2130,30/10/2025,30,10,4,2025,5,44,
2131,31/10/2025,31,10,4,2025,6,44,
2132,01/11/2025,1,11,4,2025,7,44,Toussaint
2133,02/11/2025,2,11,4,2025,1,45,
2134,03/11/2025,3,11,4,2025,2,45,
2135,04/11/2025,4,11,4,2025,3,45,
2136,05/11/2025,5,11,4,2025,4,45,
2137,06/11/2025,6,11,4,2025,5,45,
2138,07/11/2025,7,11,4,2025,6,45,
2139,08/11/2025,8,11,4,2025,7,45,
2140,09/11/2025,9,11,4,2025,1,46,
2141,10/11/2025,10,11,4,2025,2,46,
2142,11/11/2025,11,11,4,2025,3,46,Armistice 1918
2143,12/11/2025,12,11,4,2025,4,46,
2144,13/11/2025,13,11,4,2025,5,46,
2145,14/11/2025,14,11,4,2025,6,46,
2146,15/11/2025,15,11,4,2025,7,46,
2147,16/11/2025,16,11,4,2025,1,47,
2148,17/11/2025,17,11,4,2025,2,47,
2149,18/11/2025,18,11,4,2025,3,47,
2150,19/11/2025,19,11,4,2025,4,47,
2151,20/11/2025,20,11,4,2025,5,47,
2152,21/11/2025,21,11,4,2025,6,47,
2153,22/11/2025,22,11,4,2025,7,47,
2154,23/11/2025,23,11,4,2025,1,48,
2155,24/11/2025,24,11,4,2025,2,48,
2156,25/11/2025,25,11,4,2025,3,48,
2157,26/11/2025,26,11,4,2025,4,48,
2158,27/11/2025,27,11,4,2025,5,48,
2159,28/11/2025,28,11,4,2025,6,48,
2160,29/11/2025,29,11,4,2025,7,48,
2161,30/11/2025,30,11,4,2025,1,49,
2162,01/12/2025,1,12,4,2025,2,49,
2163,02/12/2025,2,12,4,2025,3,49,
2164,03/12/2025,3,12,4,2025,4,49,
2165,04/12/2025,4,12,4,2025,5,49,
2166,05/12/2025,5,12,4,2025,6,49,
2167,06/12/2025,6,12,4,2025,7,49,
2168,07/12/2025,7,12,4,2025,1,50,
2169,08/12/2025,8,12,4,2025,2,50,
2170,09/12/2025,9,12,4,2025,3,50,
2171,10/12/2025,10,12,4,2025,4,50,
2172,11/12/2025,11,12,4,2025,5,50,
2173,12/12/2025,12,12,4,2025,6,50,
2174,13/12/2025,13,12,4,2025,7,50,
2175,14/12/2025,14,12,4,2025,1,51,
2176,15/12/2025,15,12,4,2025,2,51,
2177,16/12/2025,16,12,4,2025,3,51,
2178,17/12/2025,17,12,4,2025,4,51,
2179,18/12/2025,18,12,4,2025,5,51,
2180,19/12/2025,19,12,4,2025,6,51,
2181,20/12/2025,20,12,4,2025,7,51,
2182,21/12/2025,21,12,4,2025,1,52,
2183,22/12/2025,22,12,4,2025,2,52,
2184,23/12/2025,23,12,4,2025,3,52,
2185,24/12/2025,24,12,4,2025,4,52,
2186,25/12/2025,25,12,4,2025,5,52,Noël
2187,26/12/2025,26,12,4,2025,6,52,
2188,27/12/2025,27,12,4,2025,7,52,
2189,28/12/2025,28,12,4,2025,1,53,
2190,29/12/2025,29,12,4,2025,2,53,
2191,30/12/2025,30,12,4,2025,3,53,
2192,31/12/2025,31,12,4,2025,4,53,
